1 abala abalar VMIP3S0   	NONE	1
1 abandonara abandonar VMIM3S0   	NEGATIVE	0.999982975785681
1 abandonaria abandonar VMIC3S0   	NEGATIVE	0.999982975785681
1 abandonou abandonar VMIS3S0   	NEGATIVE	0.999982975785681
1 Abandonou abandonar VMIS3S0   	NEGATIVE	0.995097263749245
1 abençoarei abençoar VMIF1S0   	NONE	1
1 Abomino abominar VMIP1S0   	NEGATIVE	0.995097263749245
1 abonou abonar VMIS3S0   	NONE	1
1 aborrece aborrecer VMIP3S0   	NEGATIVE	0.999982975785681
1 aborrecia aborrecer VMII3S0   	NEGATIVE	0.999982975785681
1 abraço abraçar VMIP1S0   	NONE	1
1 Abraçou abraçar VMIS3S0   	NONE	1
1 abrangera abranger VMIM3S0   	NONE	1
1 abrangia abranger VMII3S0   	NONE	1
1 Abre abrir VMIP3S0   	NONE	1
1 abrem abrir VMIP3P0   	NONE	1
1 Abria abrir VMII3S0   	NONE	1
1 Abriram abrir VMIS3P0   	NONE	1
1 abriria abrir VMIC3S0   	NONE	1
1 abro abrir VMIP1S0   	NONE	1
1 absolves absolver VMIP2S0   	NONE	1
1 absolvo absolver VMIP1S0   	NONE	1
1 absorve absorver VMIP3S0   	NONE	1
1 absorvera absorver VMIM3S0   	NONE	1
1 absorvia absorver VMII3S0   	NONE	1
1 abundo abundar VMIP1S0   	NONE	1
1 acaba acabar VMIP3S0   	NONE	1
1 acabaria acabar VMIC3S0   	NONE	1
1 acabo acabar VMIP1S0   	NONE	1
1 Acabo acabar VMIP1S0   	NONE	1
1 acabou acabar VMIS3S0   	NONE	1
1 acedeu aceder VMIS3S0   	NONE	1
1 aceito aceitar VMIP1S0   	POSITIVE	0.984298834018796
1 acendeu acender VMIS3S0   	NONE	1
1 Acerca acercar VMIP3S0   	NONE	1
1 acercavam acercar VMII3P0   	NONE	1
1 acerejou acerejar VMIS3S0   	NONE	1
1 acertava acertar VMII3S0   	POSITIVE	0.999991626099726
1 acertou acertar VMIS3S0   	POSITIVE	0.999991626099726
1 acha achar VMIP3S0   	NONE	1
1 achamos achar VMIS1P0   	NONE	1
1 achavam achar VMII3P0   	NONE	1
1 achavas achar VMII2S0   	NONE	1
1 achei achar VMIS1S0   	NONE	1
1 aclamou aclamar VMIS3S0   	NONE	1
1 acomodei acomodar VMIS1S0   	POSITIVE	0.999991626099726
1 acompanhara acompanhar VMIM3S0   	NONE	1
1 acompanhava acompanhar VMII3S0   	NONE	1
1 acompanhei acompanhar VMIS1S0   	NONE	1
1 Aconselharam aconselhar VMIS3P0   	NONE	1
1 aconselhavam aconselhar VMII3P0   	NONE	1
1 aconselhou aconselhar VMIS3S0   	NONE	1
1 Aconselhou aconselhar VMIS3S0   	NONE	1
1 Acontecera acontecer VMIM3S0   	NONE	1
1 acontecia acontecer VMII3S0   	NONE	1
1 acorda acordar VMIP3S0   	POSITIVE	0.994228514744341
1 acordei acordar VMIS1S0   	POSITIVE	0.994228514744341
1 Acordou acordar VMIS3S0   	POSITIVE	0.940020576716479
1 açoreano açoreano VMI0000   	NONE	1
1 Acrescentava acrescentar VMII3S0   	NONE	1
1 Acrescentou acrescentar VMIS3S0   	NONE	1
1 acresceram acrescer VMIS3P0   	NONE	1
1 acrescia acrescer VMII3S0   	NONE	1
1 Acudiu acudir VMIS3S0   	NONE	1
1 acusa acusar VMIP3S0   	NEGATIVE	0.999982975785681
1 adiantaram adiantar VMIS3P0   	NONE	1
1 adiantava adiantar VMII3S0   	NONE	1
1 adiou adiar VMIS3S0   	NONE	1
1 adivinhava adivinhar VMII3S0   	NONE	1
1 adivinhou adivinhar VMIS3S0   	NONE	1
1 admira admirar VMIP3S0   	POSITIVE	0.999991626099726
1 admiravam admirar VMII3P0   	POSITIVE	0.999991626099726
1 Admiro admirar VMIP1S0   	POSITIVE	0.997582431767311
1 admite admitir VMIP3S0   	NONE	1
1 admitiu admitir VMIS3S0   	NONE	1
1 admito admitir VMIP1S0   	NONE	1
1 adoçará adoçar VMIF3S0   	POSITIVE	0.999991626099726
1 adormece adormecer VMIP3S0   	NONE	1
1 adornava adornar VMII3S0   	NONE	1
1 adornei adornar VMIS1S0   	NONE	1
1 afeita afeitar VMIP3S0   	NONE	1
1 Afeita afeitar VMIP3S0   	NONE	1
1 afeitas afeitar VMIP2S0   	NONE	1
1 afeito afeitar VMIP1S0   	NONE	1
1 aferrava aferrar VMII3S0   	NONE	1
1 afervora afervorar VMIP3S0   	NONE	1
1 afervorou afervorar VMIS3S0   	NONE	1
1 afigurava afigurar VMII3S0   	NONE	1
1 afirmo afirmar VMIP1S0   	NONE	1
1 afirmou afirmar VMIS3S0   	NONE	1
1 aflige afligir VMIP3S0   	NEGATIVE	0.999982975785681
1 afocinhava afocinhar VMII3S0   	NONE	1
1 afogava afogar VMII3S0   	NONE	1
1 afogueava afoguear VMII3S0   	NONE	1
1 afoitou afoitar VMIS3S0   	NONE	1
1 afrontará afrontar VMIF3S0   	NONE	1
1 afugentavam afugentar VMII3P0   	NEGATIVE	0.999982975785681
1 agitava agitar VMII3S0   	NONE	1
1 agonizava agonizar VMII3S0   	NONE	1
1 agradecerá agradecer VMIF3S0   	POSITIVE	0.999991626099726
1 agradeceria agradecer VMIC3S0   	POSITIVE	0.999991626099726
1 agradeceu agradecer VMIS3S0   	POSITIVE	0.999991626099726
1 agradeço agradecer VMIP1S0   	POSITIVE	0.999991626099726
1 agravaria agravar VMIC3S0   	NEGATIVE	0.999982975785681
1 aguou aguar VMIS3S0   	NONE	1
1 Ajoelhou ajoelhar VMIS3S0   	NONE	1
1 ajunta ajuntar VMIP3S0   	NONE	1
1 ajuntaram ajuntar VMIS3P0   	NONE	1
1 Ajuntava ajuntar VMII3S0   	NONE	1
1 Ajuntou ajuntar VMIS3S0   	NONE	1
1 ajustou ajustar VMIS3S0   	NONE	1
1 alargava alargar VMII3S0   	NONE	1
1 alcançou alcançar VMIS3S0   	POSITIVE	0.999991626099726
1 alegrou alegrar VMIS3S0   	POSITIVE	0.999991626099726
1 aleijou aleijar VMIS3S0   	NONE	1
1 alento alentar VMIP1S0   	POSITIVE	0.997582431767311
1 aligeiravam aligeirar VMII3P0   	NONE	1
1 alimentava alimentar VMII3S0   	NONE	1
1 alimentei alimentar VMIS1S0   	NONE	1
1 almejava almejar VMII3S0   	NONE	1
1 almoço almoçar VMIP1S0   	NONE	1
1 alojou alojar VMIS3S0   	NONE	1
1 alteravam alterar VMII3P0   	NONE	1
1 altivo altivar VMIP1S0   	NEGATIVE	0.995097263749245
1 alugou alugar VMIS3S0   	NONE	1
1 alumia alumiar VMIP3S0   	NONE	1
1 alvoroçava alvoroçar VMII3S0   	NONE	1
1 alvoroço alvoroçar VMIP1S0   	NEGATIVE	0.995097263749245
1 Ama amar VMIP3S0   	POSITIVE	0.959197956804433
1 amanho amanhar VMIP1S0   	NONE	1
1 amansa amansar VMIP3S0   	NONE	1
1 amarela amarelar VMIP3S0   	NONE	1
1 amargas amargar VMIP2S0   	NEGATIVE	0.999775497203117
1 amargurava amargurar VMII3S0   	NEGATIVE	0.999982975785681
1 amas amar VMIP2S0   	POSITIVE	0.992342342015447
1 amávamos amar VMII1P0   	POSITIVE	0.997426644283833
1 ambicionava ambicionar VMII3S0   	POSITIVE	0.999991626099726
1 ameaça ameaçar VMIP3S0   	NEGATIVE	0.999982975785681
1 ameaçava ameaçar VMII3S0   	NEGATIVE	0.999982975785681
1 ameaçou ameaçar VMIS3S0   	NEGATIVE	0.999982975785681
1 amiga amigar VMIP3S0   	POSITIVE	0.984298834018796
1 amiúdas amiudar VMIP2S0   	NONE	1
1 amou amar VMIS3S0   	POSITIVE	0.997426644283833
1 Amou amar VMIS3S0   	POSITIVE	0.959197956804433
1 Anda andar VMIP3S0   	NONE	1
1 andam andar VMIP3P0   	NONE	1
1 angustiavas angustiar VMII2S0   	NEGATIVE	0.999982975785681
1 Animava animar VMII3S0   	POSITIVE	0.997582431767311
1 Animou animar VMIS3S0   	POSITIVE	0.997582431767311
1 antevia antever VMII3S0   	NONE	1
1 Anunciara anunciar VMIM3S0   	NONE	1
1 apaga apagar VMIP3S0   	NONE	1
1 apagam apagar VMIP3P0   	NONE	1
1 apagara apagar VMIM3S0   	NONE	1
1 apalpa apalpar VMIP3S0   	NONE	1
1 aparecem aparecer VMIP3P0   	NONE	1
1 aparelhou aparelhar VMIS3S0   	NONE	1
1 Apearam apear VMIS3P0   	NONE	1
1 apeava apear VMII3S0   	NONE	1
1 apegaram apegar VMIS3P0   	NONE	1
1 apelava apelar VMII3S0   	NONE	1
1 Apelou apelar VMIS3S0   	NONE	1
1 Apeou apear VMIS3S0   	NONE	1
1 Aperra aperrar VMIP3S0   	NONE	1
1 apertava apertar VMII3S0   	NONE	1
1 apiedara apiedar VMIM3S0   	NONE	1
1 aplacaram aplacar VMIS3P0   	NONE	1
1 apoiou apoiar VMIS3S0   	POSITIVE	0.999991626099726
1 apontara apontar VMIM3S0   	NONE	1
1 apontava apontar VMII3S0   	NONE	1
1 aporfiaram aporfiar VMIS3P0   	NONE	1
1 apoucam apoucar VMIP3P0   	NONE	1
1 aprecia apreciar VMIP3S0   	POSITIVE	0.999991626099726
1 apresentou apresentar VMIS3S0   	NONE	1
1 apressaram apressar VMIS3P0   	NONE	1
1 aproveitarei aproveitar VMIF1S0   	NONE	1
1 aproveito aproveitar VMIP1S0   	NONE	1
1 aprovou aprovar VMIS3S0   	POSITIVE	0.999991626099726
1 aproximava aproximar VMII3S0   	NONE	1
1 aproximou aproximar VMIS3S0   	NONE	1
1 aprumo aprumar VMIP1S0   	NONE	1
1 aquietou aquietar VMIS3S0   	POSITIVE	0.999991626099726
1 ardia arder VMII3S0   	NONE	1
1 arfavam arfar VMII3P0   	NONE	1
1 argumentava argumentar VMII3S0   	NONE	1
1 armam armar VMIP3P0   	NONE	1
1 armaria armar VMIC3S0   	NONE	1
1 armou armar VMIS3S0   	NONE	1
1 aromas aromar VMIP2S0   	NONE	1
1 arquejava arquejar VMII3S0   	NONE	1
1 arrancara arrancar VMIM3S0   	NONE	1
1 arranjarei arranjar VMIF1S0   	POSITIVE	0.999991626099726
1 arranjaste arranjar VMIS2S0   	POSITIVE	0.999991626099726
1 arranjo arranjar VMIP1S0   	POSITIVE	0.999991626099726
1 arrasta arrastar VMIP3S0   	NEGATIVE	0.995097263749245
1 arrebataria arrebatar VMIC3S0   	NEGATIVE	0.999982975785681
1 arrebentas arrebentar VMIP2S0   	NEGATIVE	0.99994252414417
1 arrefece arrefecer VMIP3S0   	NONE	1
1 Arriba arribar VMIP3S0   	NONE	1
1_arrobas arrobar VMIP2S0   	NONE	1
1 arrumava arrumar VMII3S0   	POSITIVE	0.999637319793272
1 artificiais artificiar VMIP2P0   	NONE	1
1 asa asar VMIP3S0   	NONE	1
1 aspiravam aspirar VMII3P0   	POSITIVE	0.999991626099726
1 assacou assacar VMIS3S0   	NEGATIVE	0.999982975785681
1 assaltam assaltar VMIP3P0   	NEGATIVE	0.999982975785681
1 assassino assassinar VMIP1S0   	NEGATIVE	0.999982975785681
1 asseguravam assegurar VMII3P0   	POSITIVE	0.999991626099726
1 assentou assentar VMIS3S0   	POSITIVE	0.999991626099726
1 asseverou asseverar VMIS3S0   	POSITIVE	0.999991626099726
1 assina assinar VMIP3S0   	POSITIVE	0.999991626099726
1 assinaram assinar VMIS3P0   	POSITIVE	0.999991626099726
1 assinei assinar VMIS1S0   	POSITIVE	0.999991626099726
1 assistiu assistir VMIS3S0   	NONE	1
1 assombram assombrar VMIP3P0   	NONE	1
1 assombrava assombrar VMII3S0   	NONE	1
1 Assombrou assombrar VMIS3S0   	NONE	1
1 assumiu assumir VMIS3S0   	NONE	1
1 assustavam assustar VMII3P0   	NEGATIVE	0.999982975785681
1 atenda atendar VMIP3S0   	NONE	1
1 atento atentar VMIP1S0   	POSITIVE	0.974102470965905
1 aterra aterrar VMIP3S0   	NEGATIVE	0.999982975785681
1 atinava atinar VMII3S0   	NONE	1
1 atingem atingir VMIP3P0   	POSITIVE	0.999991626099726
1 atinou atinar VMIS3S0   	NONE	1
1 atiraste atirar VMIS2S0   	NONE	1
1 atirou atirar VMIS3S0   	NONE	1
1 atormentava atormentar VMII3S0   	NEGATIVE	0.999982975785681
1 atou atar VMIS3S0   	NONE	1
1 Atou atar VMIS3S0   	NONE	1
1 atracou atracar VMIS3S0   	NONE	1
1 atraíste atrair VMIS2S0   	POSITIVE	0.999991626099726
1 atravessavam atravessar VMII3P0   	NONE	1
1 atravessou atravessar VMIS3S0   	NONE	1
1 atreveu atrever VMIS3S0   	NONE	1
1 atribuem atribuir VMIP3P0   	NONE	1
1 atribuí atribuir VMIS1S0   	NONE	1
1 aumentava aumentar VMII3S0   	NONE	1
1 autorizava autorizar VMII3S0   	NONE	1
1 avaliava avaliar VMII3S0   	NONE	1
1 aventurou aventurar VMIS3S0   	NONE	1
1 avesso avessar VMIP1S0   	NONE	1
1 avilto aviltar VMIP1S0   	NEGATIVE	0.999982975785681
1 avisa avisar VMIP3S0   	NONE	1
1 aviso avisar VMIP1S0   	NONE	1
1 avista avistar VMIP3S0   	NONE	1
1 avultava avultar VMII3S0   	NONE	1
1 azedava azedar VMII3S0   	NONE	1
1 azo azar VMIP1S0   	NEGATIVE	0.995097263749245
1 bacorejava bacorejar VMII3S0   	NONE	1
1 baixo baixar VMIP1S0   	NEGATIVE	0.937455579246624
1 baixou baixar VMIS3S0   	NEGATIVE	0.993093059323771
1 balançava balançar VMII3S0   	NONE	1
1 balbuciavam balbuciar VMII3P0   	NONE	1
1 barata baratar VMIP3S0   	NONE	1
1 basta bastar VMIP3S0   	NONE	1
1 Basta bastar VMIP3S0   	NONE	1
1 bastaria bastar VMIC3S0   	NONE	1
1 bastava bastar VMII3S0   	NONE	1
1 bastou bastar VMIS3S0   	NONE	1
1 batem bater VMIP3P0   	NEGATIVE	0.997935023210913
1 batia bater VMII3S0   	NEGATIVE	0.997935023210913
1 bebe beber VMIP3S0   	NONE	1
1 bebem beber VMIP3P0   	NONE	1
1 bebera beberar VMIP3S0   	NONE	1
1 beijo beijar VMIP1S0   	NONE	1
1 beijou beijar VMIS3S0   	NONE	1
1 Beijou beijar VMIS3S0   	NONE	1
1 benquista benquistar VMIP3S0   	NONE	1
1 benquisto benquistar VMIP1S0   	NONE	1
1 bole bolir VMIP3S0   	NONE	1
1 bolsava bolsar VMII3S0   	NONE	1
1 bradava bradar VMII3S0   	NEGATIVE	0.999982975785681
1 bramia bramir VMII3S0   	NONE	1
1 bramiu bramir VMIS3S0   	NONE	1
1 brinca brincar VMIP3S0   	POSITIVE	0.997582431767311
1 brincava brincar VMII3S0   	POSITIVE	0.999991626099726
1 Brito britar VMIP1S0   	NONE	1
1 bulha bulhar VMIP3S0   	NEGATIVE	0.999982975785681
1 buliu bulir VMIS3S0   	NONE	1
1 Buscaram buscar VMIS3P0   	NONE	1
1 buscou buscar VMIS3S0   	NONE	1
1 Busquei buscar VMIS1S0   	NONE	1
1 cabeceava cabecear VMII3S0   	NONE	1
1 cabem caber VMIP3P0   	NONE	1
1 caiam caiar VMIP3P0   	NONE	1
1 caíram cair VMIS3P0   	NEGATIVE	0.999982975785681
1 Caiu cair VMIS3S0   	NEGATIVE	0.995097263749245
1 calaram calar VMIS3P0   	NONE	1
1 Calaram calar VMIS3P0   	NONE	1
1 caminho caminhar VMIP1S0   	NONE	1
1 candeias candear VMIP2S0   	NONE	1
1 cansam cansar VMIP3P0   	NEGATIVE	0.999918050493538
1 carece carecer VMIP3S0   	NEGATIVE	0.999982975785681
1 carecia carecer VMII3S0   	NEGATIVE	0.999982975785681
1 carregava carregar VMII3S0   	NONE	1
1 casava casar VMII3S0   	NONE	1
1 casou casar VMIS3S0   	NONE	1
1 castiga castigar VMIP3S0   	NEGATIVE	0.999982975785681
1 castigava castigar VMII3S0   	NEGATIVE	0.999982975785681
1 castigo castigar VMIP1S0   	NEGATIVE	0.999982975785681
1 cativa cativar VMIP3S0   	POSITIVE	0.997582431767311
1 causaram causar VMIS3P0   	NONE	1
1 cavalavam cavalar VMII3P0   	NONE	1
1 cavalgou cavalgar VMIS3S0   	NONE	1
1 cedia ceder VMII3S0   	NONE	1
1 censura censurar VMIP3S0   	NEGATIVE	0.999982975785681
1 cessa cessar VMIP3S0   	NONE	1
1 chamaram chamar VMIS3P0   	NONE	1
1 chamavam chamar VMII3P0   	NONE	1
1 chamo chamar VMIP1S0   	NONE	1
1 Chega chegar VMIP3S0   	NONE	1
1 chegam chegar VMIP3P0   	NONE	1
1 chegamos chegar VMIS1P0   	NONE	1
1 chegará chegar VMIF3S0   	NONE	1
1 chegara chegar VMIM3S0   	NONE	1
1 chegaria chegar VMIC3S0   	NONE	1
1 chegavam chegar VMII3P0   	NONE	1
1 cheiro cheirar VMIP1S0   	NONE	1
1 Choraram chorar VMIS3P0   	NEGATIVE	0.991028253311999
1 Chorava chorar VMII3S0   	NEGATIVE	0.991028253311999
1 Chorou chorar VMIS3S0   	NEGATIVE	0.991028253311999
1 Chovem chover VMIP3P0   	NONE	1
1 ciliciava ciliciar VMII3S0   	NONE	1
1 cingiu cingir VMIS3S0   	NONE	1
1 cintou cintar VMIS3S0   	NONE	1
1 cismou cismar VMIS3S0   	NONE	1
1 cita citar VMIP3S0   	NONE	1
1 clamou clamar VMIS3S0   	NEGATIVE	0.999982975785681
1 coava coar VMII3S0   	NONE	1
1 coçava coçar VMII3S0   	NONE	1
1 cogita cogitar VMIP3S0   	NONE	1
1 coisas coisar VMIP2S0   	NONE	1
1 colhe colher VMIP3S0   	NONE	1
1 comem comer VMIP3P0   	NONE	1
1 comeu comer VMIS3S0   	NONE	1
1 como comer VMIP1S0   	NONE	1
1 comparo comparar VMIP1S0   	NONE	1
1 compartia compartir VMII3S0   	NONE	1
1 compete competir VMIP3S0   	NONE	1
1 comprara comprar VMIM3S0   	NONE	1
1 compraz comprazer VMIP3S0   	POSITIVE	0.999991626099726
1 compreendes compreender VMIP2S0   	POSITIVE	0.999991626099726
1 compreendeu compreender VMIS3S0   	POSITIVE	0.999991626099726
1 compreendi compreender VMIS1S0   	POSITIVE	0.999991626099726
1 compungiria compungir VMIC3S0   	NONE	1
1 compunjo compungir VMIP1S0   	NONE	1
1 comungou comungar VMIS3S0   	NONE	1
1 comunicara comunicar VMIM3S0   	NONE	1
1 comuta comutar VMIP3S0   	NONE	1
1 comutou comutar VMIS3S0   	NONE	1
1 concedia conceder VMII3S0   	NONE	1
1 concentravam concentrar VMII3P0   	NONE	1
1 condena condenar VMIP3S0   	NEGATIVE	0.999982975785681
1 condenas condenar VMIP2S0   	NEGATIVE	0.999982975785681
1 condenavam condenar VMII3P0   	NEGATIVE	0.999982975785681
1 condenou condenar VMIS3S0   	NEGATIVE	0.999982975785681
1 conduzia conduzir VMII3S0   	NONE	1
1 confessa confessar VMIP3S0   	NONE	1
1 Confessa confessar VMIP3S0   	NONE	1
1 confesso confessar VMIP1S0   	NONE	1
1 confiava confiar VMII3S0   	NONE	1
1 conforma conformar VMIP3S0   	NONE	1
1 conformou conformar VMIS3S0   	NONE	1
1 congelou congelar VMIS3S0   	NONE	1
1 congratulou congratular VMIS3S0   	POSITIVE	0.999991626099726
1 Conhece conhecer VMIP3S0   	NONE	1
1 conhecerás conhecer VMIF2S0   	NONE	1
1 conheceria conhecer VMIC3S0   	NONE	1
1 conheceu conhecer VMIS3S0   	NONE	1
1 conheciam conhecer VMII3P0   	NONE	1
1 Conjeturou conjeturar VMIS3S0   	NONE	1
1 conjuraram conjurar VMIS3P0   	NONE	1
1 consegues conseguir VMIP2S0   	POSITIVE	0.984130919910736
1 consegui conseguir VMIS1S0   	POSITIVE	0.984130919910736
1 conseguirá conseguir VMIF3S0   	POSITIVE	0.984130919910736
1 conseguira conseguir VMIM3S0   	POSITIVE	0.984130919910736
1 Conseguiu conseguir VMIS3S0   	POSITIVE	0.903877861482824
1 consentia consentir VMII3S0   	NONE	1
1 consentiria consentir VMIC3S0   	NONE	1
1 conserva conservar VMIP3S0   	POSITIVE	0.997582431767311
1 conservava conservar VMII3S0   	POSITIVE	0.999991626099726
1 considerava considerar VMII3S0   	POSITIVE	0.999637319793272
1 Considero considerar VMIP1S0   	POSITIVE	0.984298834018796
1 consigo conseguir VMIP1S0   	POSITIVE	0.984130919910736
1 Consigo conseguir VMIP1S0   	POSITIVE	0.903877861482824
1 consinto consentir VMIP1S0   	NONE	1
1 consola consolar VMIP3S0   	POSITIVE	0.997582431767311
1 conspiraram conspirar VMIS3P0   	NONE	1
1 constava constar VMII3S0   	NONE	1
1 constou constar VMIS3S0   	NONE	1
1 consultei consultar VMIS1S0   	NONE	1
1 consumia consumir VMII3S0   	NONE	1
1 consumira consumir VMIM3S0   	NONE	1
1 contarei contar VMIF1S0   	NONE	1
1 contas contar VMIP2S0   	NONE	1
1 contavam contar VMII3P0   	NONE	1
1 contém conter VMIP3S0   	NONE	1
1 contempla contemplar VMIP3S0   	NONE	1
1 Contemplou contemplar VMIS3S0   	NONE	1
1 contemporizava contemporizar VMII3S0   	NONE	1
1 contendeu contender VMIS3S0   	NEGATIVE	0.999982975785681
1 contentavam contentar VMII3P0   	POSITIVE	0.999991626099726
1 continuaram continuar VMIS3P0   	NONE	1
1 continuava continuar VMII3S0   	NONE	1
1 continuei continuar VMIS1S0   	NONE	1
1 conto contar VMIP1S0   	NONE	1
1 contorceu contorcer VMIS3S0   	NONE	1
1 convém convir VMIP3S0   	NONE	1
1 convencem convencer VMIP3P0   	POSITIVE	0.999991626099726
1 convergiram convergir VMIS3P0   	NONE	1
1 conversava conversar VMII3S0   	NONE	1
1 Conversava conversar VMII3S0   	NONE	1
1 conversou conversar VMIS3S0   	NONE	1
1 convidou convidar VMIS3S0   	NONE	1
1 convive conviver VMIP3S0   	NONE	1
1 conviveram conviver VMIS3P0   	NONE	1
1 copia copiar VMIP3S0   	NONE	1
1 corou corar VMIS3S0   	NONE	1
1 corre correr VMIP3S0   	NONE	1
1 correm correr VMIP3P0   	NONE	1
1 correra correr VMIM3S0   	NONE	1
1 correrás correr VMIF2S0   	NONE	1
1 correto corretar VMIP1S0   	POSITIVE	0.997582431767311
1 Correu correr VMIS3S0   	NONE	1
1 corri correr VMIS1S0   	NONE	1
1 cortejava cortejar VMII3S0   	NONE	1
1 cortou cortar VMIS3S0   	NONE	1
1 costumavam costumar VMII3P0   	NONE	1
1 Costurava costurar VMII3S0   	NONE	1
1 coze cozer VMIP3S0   	NONE	1
1 crê crer VMIP3S0   	NONE	1
1 crêem crer VMIP3P0   	NONE	1
1 criara criar VMIM3S0   	NONE	1
1 criou criar VMIS3S0   	NONE	1
1 cruzou cruzar VMIS3S0   	NONE	1
1 Cruzou cruzar VMIS3S0   	NONE	1
1 cuida cuidar VMIP3S0   	POSITIVE	0.999991626099726
1 cuidam cuidar VMIP3P0   	POSITIVE	0.999991626099726
1 cuidará cuidar VMIF3S0   	POSITIVE	0.999991626099726
1 cuidaram cuidar VMIS3P0   	POSITIVE	0.999991626099726
1 Cuidas cuidar VMIP2S0   	POSITIVE	0.997582431767311
1 Cuidava cuidar VMII3S0   	POSITIVE	0.997582431767311
1 cuidavam cuidar VMII3P0   	POSITIVE	0.999991626099726
1 cuido cuidar VMIP1S0   	POSITIVE	0.999991626099726
1 cuidou cuidar VMIS3S0   	POSITIVE	0.999991626099726
1 cultivava cultivar VMII3S0   	NONE	1
1 cursava cursar VMII3S0   	NONE	1
1 custa custar VMIP3S0   	NONE	1
1 custou custar VMIS3S0   	NONE	1
1 darás dar VMIF2S0   	NONE	1
1 dás dar VMIP2S0   	NONE	1
1 data datar VMIP3S0   	NONE	1
1 Dava dar VMII3S0   	NONE	1
1 Debandou debandar VMIS3S0   	NONE	1
1 debruça debruçar VMIP3S0   	NONE	1
1 debulhou debulhar VMIS3S0   	NONE	1
1 decerto decertar VMIP1S0   	NONE	1
1 Decerto decertar VMIP1S0   	NONE	1
1 declarou declarar VMIS3S0   	NONE	1
1 Decorreram decorrer VMIS3P0   	NONE	1
1 dedica dedicar VMIP3S0   	NONE	1
1 Dedica dedicar VMIP3S0   	NONE	1
1 deduz deduzir VMIP3S0   	NONE	1
1 defendia defender VMII3S0   	POSITIVE	0.999991626099726
1 definiu definir VMIS3S0   	NONE	1
1 degredo degredar VMIP1S0   	NONE	1
1 Dei dar VMIS1S0   	NONE	1
1 Deixa deixar VMIP3S0   	NONE	1
1 deixamos deixar VMIS1P0   	NONE	1
1 deixaria deixar VMIC3S0   	NONE	1
1 deixaste deixar VMIS2S0   	NONE	1
1 deixava deixar VMII3S0   	NONE	1
1 deixavam deixar VMII3P0   	NONE	1
1 deixei deixar VMIS1S0   	NONE	1
1 delataram delatar VMIS3P0   	NEGATIVE	0.999982975785681
1 deleitou deleitar VMIS3S0   	POSITIVE	0.999991626099726
1 deliam delir VMII3P0   	NONE	1
1 deliberou deliberar VMIS3S0   	NONE	1
1 deliciava deliciar VMII3S0   	POSITIVE	0.999991626099726
1 delirava delirar VMII3S0   	NONE	1
1 delirou delirar VMIS3S0   	NONE	1
1 delongaremos delongar VMIF1P0   	NONE	1
1 demorara demorar VMIM3S0   	NONE	1
1 demoraria demorar VMIC3S0   	NONE	1
1 demorou demorar VMIS3S0   	NONE	1
1 demudou demudar VMIS3S0   	NONE	1
1 denominava denominar VMII3S0   	NONE	1
1 denotava denotar VMII3S0   	NONE	1
1 denunciou denunciar VMIS3S0   	NEGATIVE	0.999982975785681
1 deparou deparar VMIS3S0   	NONE	1
1 depende depender VMIP3S0   	NONE	1
1 depôs depor VMIS3S0   	NONE	1
1 deprecia depreciar VMIP3S0   	NEGATIVE	0.999982975785681
1 depunham depor VMII3P0   	NONE	1
1 depurava depurar VMII3S0   	NONE	1
1 Deram dar VMIS3P0   	NONE	1
1 deras dar VMIM2S0   	NONE	1
1 derrama derramar VMIP3S0   	NONE	1
1 desamarraram desamarrar VMIS3P0   	NONE	1
1 desandava desandar VMII3S0   	NONE	1
1 descarregava descarregar VMII3S0   	NONE	1
1 Descera descer VMIM3S0   	NONE	1
1 desceria descer VMIC3S0   	NONE	1
1 descíamos descer VMII1P0   	NONE	1
1 descobriram descobrir VMIS3P0   	NONE	1
1 desconfia desconfiar VMIP3S0   	NEGATIVE	0.999982975785681
1 desconfias desconfiar VMIP2S0   	NEGATIVE	0.999982975785681
1 desconfiava desconfiar VMII3S0   	NEGATIVE	0.999982975785681
1 desconfiou desconfiar VMIS3S0   	NEGATIVE	0.999982975785681
1 desconheciam desconhecer VMII3P0   	NONE	1
1 desconheço desconhecer VMIP1S0   	NONE	1
1 descora descorar VMIP3S0   	NONE	1
1 descravou descravar VMIS3S0   	NONE	1
1 descrevias descrever VMII2S0   	NONE	1
1 descuidara descuidar VMIM3S0   	NEGATIVE	0.999982975785681
1 desculpa desculpar VMIP3S0   	NONE	1
1 Desculpou desculpar VMIS3S0   	NONE	1
1 desdenhou desdenhar VMIS3S0   	NEGATIVE	0.999982975785681
1 desdobrava desdobrar VMII3S0   	NONE	1
1 desejam desejar VMIP3P0   	POSITIVE	0.998993204127863
1 desejava desejar VMII3S0   	POSITIVE	0.998993204127863
1 desejo desejar VMIP1S0   	POSITIVE	0.999798478512771
1 desembarcava desembarcar VMII3S0   	NONE	1
1 desempeces desempecer VMIP2S0   	NONE	1
1 desencapelaram desencapelar VMIS3P0   	NONE	1
1 desenrugou desenrugar VMIS3S0   	NONE	1
1 desentorpecia desentorpecer VMII3S0   	NONE	1
1 desfaleço desfalecer VMIP1S0   	NEGATIVE	0.999982975785681
1 desfecho desfechar VMIP1S0   	NONE	1
1 desfizera desfazer VMIM3S0   	NONE	1
1 desfizeram desfazer VMIS3P0   	NONE	1
1 desgosto desgostar VMIP1S0   	NEGATIVE	0.999982975785681
1 desgraça desgraçar VMIP3S0   	NEGATIVE	0.995097263749245
1 desistiu desistir VMIS3S0   	NEGATIVE	0.997191431458604
1 deslocara deslocar VMIM3S0   	NONE	1
1 desmedrou desmedrar VMIS3S0   	NONE	1
1 desmentiam desmentir VMII3P0   	NONE	1
1 desobedece desobedecer VMIP3S0   	NONE	1
1 Desobedeceria desobedecer VMIC3S0   	NONE	1
1 desobedeço desobedecer VMIP1S0   	NONE	1
1 desonram desonrar VMIP3P0   	NEGATIVE	0.999982975785681
1 despedira despedir VMIM3S0   	NONE	1
1 despersuadi despersuadir VMIS1S0   	NONE	1
1 despersuadiu despersuadir VMIS3S0   	NONE	1
1 desperta despertar VMIP3S0   	NONE	1
1 despertou despertar VMIS3S0   	NONE	1
1 desprazia desprazer VMII3S0   	NEGATIVE	0.999982975785681
1 desprezou desprezar VMIS3S0   	NEGATIVE	0.999982975785681
1 desterraram desterrar VMIS3P0   	NONE	1
1 desvaneceram desvanecer VMIS3P0   	NONE	1
1 desvelara desvelar VMIM3S0   	NONE	1
1 desvelava desvelar VMII3S0   	NONE	1
1 determina determinar VMIP3S0   	NONE	1
1 determino determinar VMIP1S0   	NONE	1
1 detesto detestar VMIP1S0   	NEGATIVE	0.999982975785681
1 detivera deter VMIM3S0   	NONE	1
1 detiveram deter VMIS3P0   	NONE	1
1 deves dever VMIP2S0   	NONE	1
1 Deves dever VMIP2S0   	NONE	1
1 Devia dever VMII3S0   	NONE	1
1 Deviam dever VMII3P0   	NONE	1
1 devora devorar VMIP3S0   	NONE	1
1 devota devotar VMIP3S0   	NONE	1
1 devoto devotar VMIP1S0   	NONE	1
1 digeria digerir VMII3S0   	NONE	1
1 digna dignar VMIP3S0   	POSITIVE	0.997582431767311
1 diligencia diligenciar VMIP3S0   	NONE	1
1 diminui diminuir VMIP3S0   	NEGATIVE	0.999982975785681
1 dirigi dirigir VMIS1S0   	NONE	1
1 dirigiu dirigir VMIS3S0   	NONE	1
1 discorrera discorrer VMIM3S0   	NONE	1
1 discuto discutir VMIP1S0   	NONE	1
1 dispensa dispensar VMIP3S0   	NONE	1
1 dispensava dispensar VMII3S0   	NONE	1
1 dispenso dispensar VMIP1S0   	NONE	1
1 dispôs dispor VMIS3S0   	NONE	1
1 disputa disputar VMIP3S0   	NEGATIVE	0.999937440212381
1 Dissera dizer VMIM3S0   	NONE	1
1 Disseram dizer VMIS3P0   	NONE	1
1 dissimula dissimular VMIP3S0   	NONE	1
1 distendeu distender VMIS3S0   	NONE	1
1 distendiam distender VMII3P0   	NONE	1
1 Disto distar VMIP1S0   	NONE	1
1 divisara divisar VMIM3S0   	NONE	1
1 diziam dizer VMII3P0   	NONE	1
1 dobra dobrar VMIP3S0   	NONE	1
1 dobravam dobrar VMII3P0   	NONE	1
1 dobrou dobrar VMIS3S0   	NONE	1
1 dói doer VMIP3S0   	NEGATIVE	0.995097263749245
1 domina dominar VMIP3S0   	NONE	1
1 Dorme dormir VMIP3S0   	NONE	1
1 dotou dotar VMIS3S0   	NONE	1
1 durou durar VMIS3S0   	NONE	1
1 duvida duvidar VMIP3S0   	NEGATIVE	0.999982975785681
1 duvidas duvidar VMIP2S0   	NEGATIVE	0.999982975785681
1 eclipsava eclipsar VMII3S0   	NONE	1
1 Emaçou emaçar VMIS3S0   	NONE	1
1 emaranhavam emaranhar VMII3P0   	NONE	1
1 embaciou embaciar VMIS3S0   	NONE	1
1 embalsama embalsamar VMIP3S0   	NONE	1
1 embarcou embarcar VMIS3S0   	NONE	1
1 embargava embargar VMII3S0   	NONE	1
1 embicaria embicar VMIC3S0   	NONE	1
1 emborcou emborcar VMIS3S0   	NONE	1
1 embrenhara embrenhar VMIM3S0   	NONE	1
1 emenda emendar VMIP3S0   	POSITIVE	0.997582431767311
1 empeceu empecer VMIS3S0   	NONE	1
1 empenhara empenhar VMIM3S0   	NONE	1
1 empoavam empoar VMII3P0   	NONE	1
1 emprega empregar VMIP3S0   	NONE	1
1 emprestou emprestar VMIS3S0   	NONE	1
1 encargo encargar VMIP1S0   	NONE	1
1 Encarou encarar VMIS3S0   	NONE	1
1 encarrega encarregar VMIP3S0   	NONE	1
1 encarregava encarregar VMII3S0   	NONE	1
1 encarreguei encarregar VMIS1S0   	NONE	1
1 encerram encerrar VMIP3P0   	NONE	1
1 encerrava encerrar VMII3S0   	NONE	1
1 encerrou encerrar VMIS3S0   	NONE	1
1 enchem encher VMIP3P0   	NONE	1
1 Enches encher VMIP2S0   	NONE	1
1 Encheu encher VMIS3S0   	NONE	1
1 encolhe encolher VMIP3S0   	NEGATIVE	0.999982975785681
1 encontra encontrar VMIP3S0   	NONE	1
1 encontrará encontrar VMIF3S0   	NONE	1
1 Encravara encravar VMIM3S0   	NONE	1
1 endoidecia endoidecer VMII3S0   	NONE	1
1 endoideci endoidecer VMIS1S0   	NONE	1
1 enfaixava enfaixar VMII3S0   	NONE	1
1 enfiou enfiar VMIS3S0   	NONE	1
1 enflorava enflorar VMII3S0   	NONE	1
1 enfreava enfrear VMII3S0   	NONE	1
1 Enganam enganar VMIP3P0   	NEGATIVE	0.995097263749245
1 enganaram enganar VMIS3P0   	NEGATIVE	0.999982975785681
1 enganei enganar VMIS1S0   	NEGATIVE	0.999982975785681
1 engano enganar VMIP1S0   	NEGATIVE	0.999982975785681
1 enganou enganar VMIS3S0   	NEGATIVE	0.999982975785681
1 engrampa engrampar VMIP3S0   	NONE	1
1 enlevara enlevar VMIM3S0   	POSITIVE	0.999991626099726
1 enlevavam enlevar VMII3P0   	POSITIVE	0.999991626099726
1 enlouquecera enlouquecer VMIM3S0   	NONE	1
1 enobrecia enobrecer VMII3S0   	POSITIVE	0.999991626099726
1 ensaia ensaiar VMIP3S0   	NONE	1
1 ensejo ensejar VMIP1S0   	NONE	1
1 entalara entalar VMIM3S0   	NONE	1
1 Entendem entender VMIP3P0   	POSITIVE	0.935345453311439
1 Entenderam entender VMIS3P0   	POSITIVE	0.935345453311439
1 entendeu entender VMIS3S0   	POSITIVE	0.993233300967958
1 Entendeu entender VMIS3S0   	POSITIVE	0.935345453311439
1 entendia entender VMII3S0   	POSITIVE	0.993233300967958
1 entendi entender VMIS1S0   	POSITIVE	0.993233300967958
1 enterneciam enternecer VMII3P0   	POSITIVE	0.999991626099726
1 Entra entrar VMIP3S0   	NONE	1
1 entram entrar VMIP3P0   	NONE	1
1 entraria entrar VMIC3S0   	NONE	1
1 entrava entravar VMIP3S0   	NEGATIVE	0.999982975785681
1 entravam entravar VMIP3P0   	NEGATIVE	0.999982975785681
1 entregará entregar VMIF3S0   	NONE	1
1 entregava entregar VMII3S0   	NONE	1
1 entrego entregar VMIP1S0   	NONE	1
1 entreviu entrever VMIS3S0   	NONE	1
1 entro entrar VMIP1S0   	NONE	1
1 Entrou entrar VMIS3S0   	NONE	1
1 envasilhas envasilhar VMIP2S0   	NONE	1
1 enviara enviar VMIM3S0   	NONE	1
1 envidava envidar VMII3S0   	NONE	1
1 envolvia envolver VMII3S0   	NONE	1
1 Envolvia envolver VMII3S0   	NONE	1
1 enxugara enxugar VMIM3S0   	NONE	1
1 enxugava enxugar VMII3S0   	NONE	1
1 enxugou enxugar VMIS3S0   	NONE	1
1 Eras ser VMII2S0   	NONE	1
1 erguera erguer VMIM3S0   	NONE	1
1 ergueram erguer VMIS3P0   	NONE	1
1 Ergueu erguer VMIS3S0   	NONE	1
1 erguia erguer VMII3S0   	NONE	1
1 eriçavam eriçar VMII3P0   	NONE	1
1 escaldava escaldar VMII3S0   	NONE	1
1 escapa escapar VMIP3S0   	NONE	1
1 escapam escapar VMIP3P0   	NONE	1
1 escaparia escapar VMIC3S0   	NONE	1
1 escolhe escolher VMIP3S0   	NONE	1
1 escolheria escolher VMIC3S0   	NONE	1
1 escolheu escolher VMIS3S0   	NONE	1
1 escolho escolher VMIP1S0   	NONE	1
1 escondem esconder VMIP3P0   	NONE	1
1 Escorvou escorvar VMIS3S0   	NONE	1
1 Escreve escrever VMIP3S0   	NONE	1
1 Escrevia escrever VMII3S0   	NONE	1
1 Escrevi escrever VMIS1S0   	NONE	1
1 escutara escutar VMIM3S0   	NONE	1
1 Escutarás escutar VMIF2S0   	NONE	1
1 escutava escutar VMII3S0   	NONE	1
1 esfriou esfriar VMIS3S0   	NONE	1
1 esmago esmagar VMIP1S0   	NONE	1
1 esmerilhou esmerilhar VMIS3S0   	NONE	1
1 esmola esmolar VMIP3S0   	NONE	1
1 esmolou esmolar VMIS3S0   	NONE	1
1 esmorece esmorecer VMIP3S0   	NEGATIVE	0.999982975785681
1 espancaram espancar VMIS3P0   	NEGATIVE	0.999982975785681
1 espanta espantar VMIP3S0   	NONE	1
1 Espanta espantar VMIP3S0   	NONE	1
1 espantara espantar VMIM3S0   	NONE	1
1 Espantou espantar VMIS3S0   	NONE	1
1 espasmo espasmar VMIP1S0   	NONE	1
1 esperam esperar VMIP3P0   	NONE	1
1 esperanças esperançar VMIP2S0   	POSITIVE	0.997582431767311
1 Esperava esperar VMII3S0   	NONE	1
1 esperavam esperar VMII3P0   	NONE	1
1 Esperei esperar VMIS1S0   	NONE	1
1 esperta espertar VMIP3S0   	POSITIVE	0.997582431767311
1 espessas espessar VMIP2S0   	NONE	1
1 espiava espiar VMII3S0   	NONE	1
1 esplanava esplanava VMI0000   	NONE	1
1 espôo espoar VMIP1S0   	NONE	1
1 esporeavam esporear VMII3P0   	NONE	1
1 Esquece esquecer VMIP3S0   	NONE	1
1 esqueceu esquecer VMIS3S0   	NONE	1
1 Estacaram estacar VMIS3P0   	NONE	1
1 estarias estar VMIC2S0   	NONE	1
1 estarrecia estarrecer VMII3S0   	NONE	1
1 Estás estar VMIP2S0   	NONE	1
1 Estavam estar VMII3P0   	NONE	1
1 estilo estilar VMIP1S0   	NONE	1
1 estima estimar VMIP3S0   	POSITIVE	0.999780231585851
1 estimaram estimar VMIS3P0   	NONE	1
1 estimava estimar VMII3S0   	NONE	1
1 estimulo estimular VMIP1S0   	POSITIVE	0.999991626099726
1 Estive estar VMIS1S0   	NONE	1
1 estorce estorcer VMIP3S0   	NONE	1
1 estreiam estrear VMIP3P0   	NONE	1
1 estremaram estremar VMIS3P0   	NONE	1
1 estriba estribar VMIP3S0   	NONE	1
1 estrinça estrinçar VMIP3S0   	NONE	1
1 estuda estudar VMIP3S0   	NONE	1
1 estudava estudar VMII3S0   	NONE	1
1 Estudava estudar VMII3S0   	NONE	1
1 esvaiu esvair VMIS3S0   	NONE	1
1 esverdeava esverdear VMII3S0   	NONE	1
1 esvoaçou esvoaçar VMIS3S0   	NONE	1
1 evocava evocar VMII3S0   	NONE	1
1 exacerbavam exacerbar VMII3P0   	NEGATIVE	0.999982975785681
1 Exaltara exaltar VMIM3S0   	POSITIVE	0.997582431767311
1 Examinou examinar VMIS3S0   	NONE	1
1 exclama exclamar VMIP3S0   	NONE	1
1 exclamara exclamar VMIM3S0   	NONE	1
1 exclamavam exclamar VMII3P0   	NONE	1
1 executa executar VMIP3S0   	NONE	1
1 existia existir VMII3S0   	NONE	1
1 expediu expedir VMIS3S0   	NONE	1
1 explica explicar VMIP3S0   	NONE	1
1 explicam explicar VMIP3P0   	NONE	1
1 explicara explicar VMIM3S0   	NONE	1
1 explicaria explicar VMIC3S0   	NONE	1
1 explicas explicar VMIP2S0   	NONE	1
1 exprimiam exprimir VMII3P0   	NONE	1
1 expulsava expulsar VMII3S0   	NEGATIVE	0.999982975785681
1 extenuavam extenuar VMII3P0   	NEGATIVE	0.999982975785681
1 extraímos extrair VMIS1P0   	NONE	1
1 extrato extratar VMIP1S0   	NONE	1
1 extrema extremar VMIP3S0   	NONE	1
1 fabricara fabricar VMIM3S0   	NONE	1
1 fadou fadar VMIS3S0   	NONE	1
1 faisca faiscar VMIP3S0   	NONE	1
1 falam falar VMIP3P0   	NONE	1
1 falaram falar VMIS3P0   	NONE	1
1 falarei falar VMIF1S0   	NONE	1
1 falaremos falar VMIF1P0   	NONE	1
1 falavas falar VMII2S0   	NONE	1
1 fale falir VMIP3S0   	NEGATIVE	0.999982975785681
1 Falou falar VMIS3S0   	NONE	1
1 faltam faltar VMIP3P0   	NEGATIVE	0.985498716693073
1 Faltava faltar VMII3S0   	NEGATIVE	0.873478795899709
1 Faria fazer VMIC3S0   	NONE	1
1 fariam fazer VMIC3P0   	NONE	1
1 favoreceu favorecer VMIS3S0   	POSITIVE	0.999991626099726
1 faze fazer VMIP2S0   	NONE	1
1 Faze fazer VMIP2S0   	NONE	1
1 Fecharam fechar VMIS3P0   	NONE	1
1 felicito felicitar VMIP1S0   	POSITIVE	0.999991626099726
1 ferira ferir VMIM3S0   	NEGATIVE	0.999982975785681
1 ferro ferrar VMIP1S0   	NONE	1
1 ferrou ferrar VMIS3S0   	NONE	1
1 Ferveu ferver VMIS3S0   	NONE	1
1 festejavam festejar VMII3P0   	POSITIVE	0.999991626099726
1 fiara fiar VMIM3S0   	NONE	1
1 fiavam fiar VMII3P0   	NONE	1
1 fica ficar VMIP3S0   	NONE	1
1 Fica ficar VMIP3S0   	NONE	1
1 ficamos ficar VMIS1P0   	NONE	1
1 ficarão ficar VMIF3P0   	NONE	1
1 Ficarás ficar VMIF2S0   	NONE	1
1 ficaste ficar VMIS2S0   	NONE	1
1 figuravam figurar VMII3P0   	NONE	1
1 filtra filtrar VMIP3S0   	NONE	1
1 Finalizavam finalizar VMII3P0   	NONE	1
1 fincava fincar VMII3S0   	NONE	1
1 finge fingir VMIP3S0   	NONE	1
1 fingia fingir VMII3S0   	NONE	1
1 fitam fitar VMIP3P0   	NONE	1
1 fitara fitar VMIM3S0   	NONE	1
1 Fitou fitar VMIS3S0   	NONE	1
1 fizeste fazer VMIS2S0   	NONE	1
1 flauta flautar VMIP3S0   	NONE	1
1 flores florir VMIP2S0   	NONE	1
1 Foge fugir VMIP3S0   	NEGATIVE	0.995097263749245
1 fogem fugir VMIP3P0   	NEGATIVE	0.999982975785681
1 folgaria folgar VMIC3S0   	NONE	1
1 folgava folgar VMII3S0   	NONE	1
1 Foram ser VMIS3P0   	NONE	1
1 forca forcar VMIP3S0   	NONE	1
1 forçara forçar VMIM3S0   	NONE	1
1 forças forçar VMIP2S0   	POSITIVE	0.945945945945946
1 forçou forçar VMIS3S0   	NONE	1
1 formara formar VMIM3S0   	NONE	1
1 Formara formar VMIM3S0   	NONE	1
1 fornece fornecer VMIP3S0   	NONE	1
1 foste ser VMIS2S0   	NONE	1
1 freira freirar VMIP3S0   	NONE	1
1 freqüenta freqüenta VMI0000   	NONE	1
1 freqüentava freqüentava VMI0000   	NONE	1
1 frito fritar VMIP1S0   	NONE	1
1 frouxa frouxar VMIP3S0   	NEGATIVE	0.995097263749245
1 fugia fugir VMII3S0   	NEGATIVE	0.999982975785681
1 fugirei fugir VMIF1S0   	NEGATIVE	0.999982975785681
1 Fugirei fugir VMIF1S0   	NEGATIVE	0.995097263749245
1 Fui ser VMIS1S0   	NONE	1
1 funesta funestar VMIP3S0   	NEGATIVE	0.995097263749245
1 ganha ganhar VMIP3S0   	POSITIVE	0.999853035883179
1 gasta gastar VMIP3S0   	NONE	1
1 gela gelar VMIP3S0   	NEGATIVE	0.99994252414417
1 Gemias gemer VMII2S0   	NONE	1
1 geram gerar VMIP3P0   	NONE	1
1 gesticulava gesticular VMII3S0   	NONE	1
1 gostou gostar VMIS3S0   	POSITIVE	0.998993204127863
1 graduamos graduar VMIS1P0   	NONE	1
1 graduava graduar VMII3S0   	NONE	1
1 grita gritar VMIP3S0   	NEGATIVE	0.995097263749245
1 gritava gritar VMII3S0   	NEGATIVE	0.999982975785681
1 gritou gritar VMIS3S0   	NEGATIVE	0.999982975785681
1 guardas guardar VMIP2S0   	POSITIVE	0.994710914803223
1 Guardou guardar VMIS3S0   	POSITIVE	0.994710914803223
1 guarneciam guarnecer VMII3P0   	NONE	1
1 guiava guiar VMII3S0   	NONE	1
1 haverá haver VMIF3S0   	NONE	1
1 herdei herdar VMIS1S0   	NONE	1
1 hesitou hesitar VMIS3S0   	NEGATIVE	0.999982975785681
1_hora horar VMIP3S0   	NONE	1
1_horas horar VMIP2S0   	NONE	1
1 hospedou hospedar VMIS3S0   	POSITIVE	0.999991626099726
1 houveram haver VMIS3P0   	NONE	1
1 humilha humilhar VMIP3S0   	NEGATIVE	0.999982975785681
1 humilhava humilhar VMII3S0   	NEGATIVE	0.999982975785681
1 Ia ir VMII3S0   	NONE	1
1 ias ir VMII2S0   	NONE	1
1 identifica identificar VMIP3S0   	NONE	1
1 ignominia ignominiar VMIP3S0   	NEGATIVE	0.999982975785681
1 ignoraria ignorar VMIC3S0   	NONE	1
1 Ignorava ignorar VMII3S0   	NONE	1
1 iludia iludir VMII3S0   	NEGATIVE	0.999982975785681
1 imaginam imaginar VMIP3P0   	NONE	1
1 Imaginara imaginar VMIM3S0   	NONE	1
1 imaginava imaginar VMII3S0   	NONE	1
1 imaginou imaginar VMIS3S0   	NONE	1
1 imolou imolar VMIS3S0   	NONE	1
1 implorava implorar VMII3S0   	NONE	1
1 impôs impor VMIS3S0   	NONE	1
1 impressionara impressionar VMIM3S0   	POSITIVE	0.999991626099726
1 impune impunir VMIP3S0   	NONE	1
1 incitou incitar VMIS3S0   	NEGATIVE	0.999982975785681
1 inclinava inclinar VMII3S0   	NONE	1
1 inclinou inclinar VMIS3S0   	NONE	1
1 incomodo incomodar VMIP1S0   	NEGATIVE	0.999982975785681
1 incorporaram incorporar VMIS3P0   	NONE	1
1 incumbe incumbir VMIP3S0   	NONE	1
1 incumbem incumbir VMIP3P0   	NONE	1
1 incutira incutir VMIM3S0   	POSITIVE	0.999991626099726
1 indicava indicar VMII3S0   	NONE	1
1 infama infamar VMIP3S0   	NEGATIVE	0.999982975785681
1 inferira inferir VMIM3S0   	NONE	1
1 infiltram infiltrar VMIP3P0   	NONE	1
1 inflamou inflamar VMIS3S0   	NONE	1
1 informarei informar VMIF1S0   	NONE	1
1 informou informar VMIS3S0   	NONE	1
1 Inquietava inquietar VMII3S0   	NEGATIVE	0.995097263749245
1 insistiu insistir VMIS3S0   	NONE	1
1 Instou instar VMIS3S0   	NONE	1
1 intercedeu interceder VMIS3S0   	NONE	1
1 interessa interessar VMIP3S0   	NONE	1
1 interpunha interpor VMII3S0   	NONE	1
1 interroga interrogar VMIP3S0   	NONE	1
1 interrogou interrogar VMIS3S0   	NONE	1
1 intima intimar VMIP3S0   	NONE	1
1 intimaram intimar VMIS3P0   	NONE	1
1 intimo intimar VMIP1S0   	NONE	1
1 intumescia intumescer VMII3S0   	NONE	1
1 invectivou invectivar VMIS3S0   	NEGATIVE	0.999982975785681
1 invejavam invejar VMII3P0   	NONE	1
1 inventaria inventariar VMIP3S0   	NONE	1
1 inventariou inventariar VMIS3S0   	NONE	1
1 inventou inventar VMIS3S0   	NONE	1
1 Investia investir VMII3S0   	NONE	1
1 irão ir VMIF3P0   	NONE	1
1 Irei irar VMIS1S0   	NEGATIVE	0.948480614263728
1 iriam iriar VMIP3P0   	NONE	1
1 irritou irritar VMIS3S0   	NEGATIVE	0.999982975785681
1 jogava jogar VMII3S0   	NONE	1
1 julgara julgar VMIM3S0   	NONE	1
1 julgaria julgar VMIC3S0   	NONE	1
1 julgavam julgar VMII3P0   	NONE	1
1 julgou julgar VMIS3S0   	NONE	1
1 juntou juntar VMIS3S0   	NONE	1
1 juro jurar VMIP1S0   	NONE	1
1 justiça justiçar VMIP3S0   	NONE	1
1 justifica justificar VMIP3S0   	NONE	1
1 justo justar VMIP1S0   	NONE	1
1 ladearam ladear VMIS3P0   	NONE	1
1 lança lançar VMIP3S0   	NONE	1
1 lançava lançar VMII3S0   	NONE	1
1 largava largar VMII3S0   	NEGATIVE	0.999982975785681
1 lastimou lastimar VMIS3S0   	NEGATIVE	0.999982975785681
1 lava lavar VMIP3S0   	POSITIVE	0.984298834018796
1 lavariam lavar VMIC3P0   	POSITIVE	0.999637319793272
1 lavrara lavrar VMIM3S0   	NONE	1
1 lavrava lavrar VMII3S0   	NONE	1
1 lêem ler VMIP3P0   	NONE	1
1 legitima legitimar VMIP3S0   	NONE	1
1 leio ler VMIP1S0   	NONE	1
1 Lembra lembrar VMIP3S0   	NONE	1
1 lembrava lembrar VMII3S0   	NONE	1
1 lembravam lembrar VMII3P0   	NONE	1
1 Lembravam lembrar VMII3P0   	NONE	1
1 lembrei lembrar VMIS1S0   	NONE	1
1 Lembrou lembrar VMIS3S0   	NONE	1
1 lera ler VMIM3S0   	NONE	1
1 Levai levar VMIP2P0   	NONE	1
1 levam levar VMIP3P0   	NONE	1
1 levanta levantar VMIP3S0   	NONE	1
1 levantava levantar VMII3S0   	NONE	1
1 Levantou levantar VMIS3S0   	NONE	1
1 levei levar VMIS1S0   	NONE	1
1 Levou levar VMIS3S0   	NONE	1
1 lia liar VMIP3S0   	NONE	1
1 licenciou licenciar VMIS3S0   	NONE	1
1 ligava ligar VMII3S0   	NONE	1
1 linda lindar VMIP3S0   	NONE	1
1 lisonjeara lisonjear VMIM3S0   	NONE	1
1 lisonjeou lisonjear VMIS3S0   	NONE	1
1 Livra livrar VMIP3S0   	NONE	1
1 livrou livrar VMIS3S0   	NONE	1
1 lucra lucrar VMIP3S0   	POSITIVE	0.999991626099726
1 luz luzir VMIP3S0   	POSITIVE	0.99994488339359
1 maligna malignar VMIP3S0   	NONE	1
1 malsinava malsinar VMII3S0   	NONE	1
1 manas manar VMIP2S0   	NONE	1
1 manda mandar VMIP3S0   	NONE	1
1 mandam mandar VMIP3P0   	NONE	1
1 mandaria mandar VMIC3S0   	NONE	1
1 Mandou mandar VMIS3S0   	NONE	1
1 manga mangar VMIP3S0   	NEGATIVE	0.995097263749245
1 Maravilhara maravilhar VMIM3S0   	POSITIVE	0.997582431767311
1 maravilhava maravilhar VMII3S0   	POSITIVE	0.999991626099726
1 Maravilhava maravilhar VMII3S0   	POSITIVE	0.997582431767311
1 marido maridar VMIP1S0   	NONE	1
1 martelava martelar VMII3S0   	NONE	1
1 martelo martelar VMIP1S0   	NONE	1
1 matai matar VMIP2P0   	NEGATIVE	0.99994252414417
1 matam matar VMIP3P0   	NEGATIVE	0.99994252414417
1 mataria matar VMIC3S0   	NEGATIVE	0.99994252414417
1 matariam matar VMIC3P0   	NEGATIVE	0.99994252414417
1 matava matar VMII3S0   	NEGATIVE	0.99994252414417
1 matei matar VMIS1S0   	NEGATIVE	0.99994252414417
1 matizara matizar VMIM3S0   	NONE	1
1 matizavam matizar VMII3P0   	NONE	1
1 mediava mediar VMII3S0   	NONE	1
1 meditava meditar VMII3S0   	NONE	1
1 meia mear VMIP3S0   	NONE	1
1 melhora melhorar VMIP3S0   	POSITIVE	0.984298834018796
1 merecemos merecer VMIS1P0   	NONE	1
1 mereciam merecer VMII3P0   	NONE	1
1 mergulha mergulhar VMIP3S0   	NONE	1
1 mesura mesurar VMIP3S0   	NONE	1
1 metia meter VMII3S0   	NONE	1
1 mimo mimar VMIP1S0   	POSITIVE	0.998682836869367
1 minguavam minguar VMII3P0   	NEGATIVE	0.999982975785681
1 moço moçar VMIP1S0   	NONE	1
1 mofava mofar VMII3S0   	NEGATIVE	0.999982975785681
1 Molestavam molestar VMII3P0   	NEGATIVE	0.995097263749245
1 monta montar VMIP3S0   	NONE	1
1 Montou montar VMIS3S0   	NONE	1
1 morava morar VMII3S0   	NONE	1
1 morrera morrer VMIM3S0   	NEGATIVE	0.994284933770955
1 Morrerás morrer VMIF2S0   	NEGATIVE	0.916985591334034
1 Morrerei morrer VMIF1S0   	NEGATIVE	0.916985591334034
1 morrerias morrer VMIC2S0   	NEGATIVE	0.994284933770955
1 Morreu morrer VMIS3S0   	NEGATIVE	0.916985591334034
1 morria morrer VMII3S0   	NEGATIVE	0.994284933770955
1 mostrengo mostrengar VMIP1S0   	NONE	1
1 mostrou mostrar VMIS3S0   	NONE	1
1 movem mover VMIP3P0   	NONE	1
1 moveram mover VMIS3P0   	NONE	1
1 movia mover VMII3S0   	NONE	1
1 Mudou mudar VMIS3S0   	NONE	1
1 mugiu mugir VMIS3S0   	NONE	1
1 nada nadar VMIP3S0   	NONE	1
1 nascera nascer VMIM3S0   	NONE	1
1 navegou navegar VMIS3S0   	NONE	1
1 negociara negociar VMIM3S0   	NONE	1
1 negou negar VMIS3S0   	NEGATIVE	0.999982975785681
1 noivo noivar VMIP1S0   	NONE	1
1 Notou notar VMIS3S0   	NONE	1
1 novas novar VMIP2S0   	NONE	1
1 obedeceu obedecer VMIS3S0   	NONE	1
1 obedecia obedecer VMII3S0   	NONE	1
1 obra obrar VMIP3S0   	NONE	1
1 obrigarei obrigar VMIF1S0   	NONE	1
1 obrigaria obrigar VMIC3S0   	NONE	1
1 obrigavam obrigar VMII3P0   	NONE	1
1 obteve obter VMIS3S0   	NONE	1
1 ocorre ocorrer VMIP3S0   	NONE	1
1 ocorria ocorrer VMII3S0   	NONE	1
1 odeio odiar VMIP1S0   	NEGATIVE	0.999982975785681
1 odiavam odiar VMII3P0   	NEGATIVE	0.999982975785681
1 ofendera ofender VMIM3S0   	NEGATIVE	0.999982975785681
1 oferece oferecer VMIP3S0   	NONE	1
1 Oferece oferecer VMIP3S0   	NONE	1
1 oferecia oferecer VMII3S0   	NONE	1
1 oficio oficiar VMIP1S0   	NONE	1
1 olharam olhar VMIS3P0   	NONE	1
1 olharia olhar VMIC3S0   	NONE	1
1 olhava olhar VMII3S0   	NONE	1
1 olho olhar VMIP1S0   	NONE	1
1 omitiu omitir VMIS3S0   	NONE	1
1 ondeavam ondear VMII3P0   	NONE	1
1 opulento opulentar VMIP1S0   	NONE	1
1 opuseram opor VMIS3P0   	NEGATIVE	0.999982975785681
1 Ora orar VMIP3S0   	NONE	1
1 orava orar VMII3S0   	NONE	1
1 ordena ordenar VMIP3S0   	NONE	1
1 ordenava ordenar VMII3S0   	NONE	1
1 orfanara orfanar VMIM3S0   	NONE	1
1 orgulhou orgulhar VMIS3S0   	POSITIVE	0.999991626099726
1 Ouço ouvir VMIP1S0   	NONE	1
1 ousa ousar VMIP3S0   	NONE	1
1 ousaram ousar VMIS3P0   	NONE	1
1 Ouve ouvir VMIP3S0   	NONE	1
1 Ouvia ouvir VMII3S0   	NONE	1
1 ouvi ouvir VMIS1S0   	NONE	1
1 Ouvi ouvir VMIS1S0   	NONE	1
1 ouviste ouvir VMIS2S0   	NONE	1
1 padeceu padecer VMIS3S0   	NEGATIVE	0.999982975785681
1 pagam pagar VMIP3P0   	NONE	1
1 pagaria pagar VMIC3S0   	NONE	1
1 paguei pagar VMIS1S0   	NONE	1
1 palestras palestrar VMIP2S0   	NONE	1
1 palpitava palpitar VMII3S0   	NONE	1
1 pandilhas pandilhar VMIP2S0   	NONE	1
1 paralisam paralisar VMIP3P0   	NONE	1
1 pararam parar VMIS3P0   	NONE	1
1 Pararam parar VMIS3P0   	NONE	1
1 parara parar VMIM3S0   	NONE	1
1 parecem parecer VMIP3P0   	NONE	1
1 pareceram parecer VMIS3P0   	NONE	1
1 parecera parecer VMIM3S0   	NONE	1
1 Parecia parecer VMII3S0   	NONE	1
1 partia partir VMII3S0   	NONE	1
1 partimos partir VMIS1P0   	NONE	1
1 Partiu partir VMIS3S0   	NONE	1
1 pasmava pasmar VMII3S0   	NEGATIVE	0.999982975785681
1 pasmei pasmar VMIS1S0   	NEGATIVE	0.999982975785681
1 passam passar VMIP3P0   	NONE	1
1 Passeavas passear VMII2S0   	NONE	1
1 Pedem pedir VMIP3P0   	NONE	1
1 pedias pedir VMII2S0   	NONE	1
1 pedira pedir VMIM3S0   	NONE	1
1 pediria pedir VMIC3S0   	NONE	1
1 Pediu pedir VMIS3S0   	NONE	1
1 pegam pegar VMIP3P0   	NONE	1
1 pego pegar VMIP1S0   	NONE	1
1 peja pejar VMIP3S0   	NONE	1
1 penara penar VMIM3S0   	NEGATIVE	0.999982975785681
1 penetrou penetrar VMIS3S0   	NONE	1
1 pensamos pensar VMIS1P0   	NONE	1
1 Pensará pensar VMIF3S0   	NONE	1
1 pensarei pensar VMIF1S0   	NONE	1
1 pensaria pensar VMIC3S0   	NONE	1
1 pensou pensar VMIS3S0   	NONE	1
1 Pensou pensar VMIS3S0   	NONE	1
1 percebem perceber VMIP3P0   	NONE	1
1 perco perder VMIP1S0   	NEGATIVE	0.998565082958294
1 perde perder VMIP3S0   	NEGATIVE	0.998565082958294
1 perderás perder VMIF2S0   	NEGATIVE	0.998565082958294
1 perdia perder VMII3S0   	NEGATIVE	0.998565082958294
1 Perdi perder VMIS1S0   	NEGATIVE	0.956695340308637
1 perdoam perdoar VMIP3P0   	NONE	1
1 Perdoa perdoar VMIP3S0   	NONE	1
1 perdoará perdoar VMIF3S0   	NONE	1
1 Perdoará perdoar VMIF3S0   	NONE	1
1 Perguntam perguntar VMIP3P0   	NONE	1
1 Pergunta perguntar VMIP3S0   	NONE	1
1 perguntas perguntar VMIP2S0   	NONE	1
1 Perguntava perguntar VMII3S0   	NONE	1
1 perguntavas perguntar VMII2S0   	NONE	1
1 perigo perigar VMIP1S0   	NONE	1
1 permaneceu permanecer VMIS3S0   	NONE	1
1 permeio permear VMIP1S0   	NONE	1
1 permite permitir VMIP3S0   	NONE	1
1 pernoitava pernoitar VMII3S0   	NONE	1
1 perpassaram perpassar VMIS3P0   	NONE	1
1 pertence pertencer VMIP3S0   	NONE	1
1 pertences pertencer VMIP2S0   	NONE	1
1 pesam pesar VMIP3P0   	NEGATIVE	0.999982975785681
1 pinga pingar VMIP3S0   	NONE	1
1 pintavas pintar VMII2S0   	NONE	1
1 piorara piorar VMIM3S0   	NEGATIVE	0.999982975785681
1 planizava planizar VMII3S0   	NONE	1
1 podemos poder VMIP1P0   	NONE	1
1 Poderá poder VMIF3S0   	NONE	1
1 Poderia poder VMIC3S0   	NONE	1
1 Poderias poder VMIC2S0   	NONE	1
1 Podes poder VMIP2S0   	NONE	1
1 policia policiar VMIP3S0   	NONE	1
1 Ponderaram ponderar VMIS3P0   	NONE	1
1 ponderou ponderar VMIS3S0   	NONE	1
1 ponham ponhar VMIP3P0   	NONE	1
1 pô pôr VMIS3S0   	NONE	1
1 portas portar VMIP2S0   	NONE	1
1 possa possar VMIP3S0   	NONE	1
1 possas possar VMIP2S0   	NONE	1
1 pousou pousar VMIS3S0   	NONE	1
1 praticou praticar VMIS3S0   	NONE	1
1 precisa precisar VMIP3S0   	NONE	1
1 predicavam predicar VMII3P0   	NONE	1
1 prega pregar VMIP3S0   	NONE	1
1 prejudicaria prejudicar VMIC3S0   	NEGATIVE	0.999982975785681
1 premeditava premeditar VMII3S0   	NONE	1
1 prendam prendar VMIP3P0   	NONE	1
1 prendem prender VMIP3P0   	NONE	1
1 Prende prender VMIP3S0   	NONE	1
1 Prenderam prender VMIS3P0   	NONE	1
1 preocupa preocupar VMIP3S0   	NEGATIVE	0.999982975785681
1 preparava preparar VMII3S0   	NONE	1
1 presenteou presentear VMIS3S0   	NONE	1
1 preso presar VMIP1S0   	NEGATIVE	0.995097263749245
1 preveni prevenir VMIS1S0   	NONE	1
1 prima primar VMIP3S0   	POSITIVE	0.998266740605051
1 primaveras primaverar VMIP2S0   	NONE	1
1 primo premir VMIP1S0   	NONE	1
1 Primo premir VMIP1S0   	NONE	1
1 principia principiar VMIP3S0   	NONE	1
1 principiaria principiar VMIC3S0   	NONE	1
1 principiou principiar VMIS3S0   	NONE	1
1 privavam privar VMII3P0   	NEGATIVE	0.999982975785681
1 procedia proceder VMII3S0   	NONE	1
1 proclamava proclamar VMII3S0   	NONE	1
1 procura procurar VMIP3S0   	NONE	1
1 Procura procurar VMIP3S0   	NONE	1
1 procurava procurar VMII3S0   	NONE	1
1 procurou procurar VMIS3S0   	NONE	1
1 profanaram profanar VMIS3P0   	NONE	1
1 proferia proferir VMII3S0   	NONE	1
1 professei professar VMIS1S0   	NONE	1
1 proibiria proibir VMIC3S0   	NONE	1
1 Prolonga prolongar VMIP3S0   	NONE	1
1 prometes prometer VMIP2S0   	NONE	1
1 prometeu prometer VMIS3S0   	NONE	1
1 Prometeu prometer VMIS3S0   	NONE	1
1 prometiam prometer VMII3P0   	NONE	1
1 Prometia prometer VMII3S0   	NONE	1
1 prometi prometer VMIS1S0   	NONE	1
1 prometo prometer VMIP1S0   	NONE	1
1 Prontificou prontificar VMIS3S0   	NONE	1
1 protege proteger VMIP3S0   	POSITIVE	0.999991626099726
1 protejo proteger VMIP1S0   	POSITIVE	0.999991626099726
1 protestaria protestar VMIC3S0   	NONE	1
1 protestava protestar VMII3S0   	NONE	1
1 provarei provar VMIF1S0   	NONE	1
1 proveria prover VMIC3S0   	NONE	1
1 providenciaram providenciar VMIS3P0   	NONE	1
1 provou provar VMIS3S0   	NONE	1
1 puxa puxar VMIP3S0   	NONE	1
1 quantia quantiar VMIP3S0   	NONE	1
1 quedam quedar VMIP3P0   	NONE	1
1 quedou quedar VMIS3S0   	NONE	1
1 queixaria queixar VMIC3S0   	NEGATIVE	0.999982975785681
1 queixas queixar VMIP2S0   	NEGATIVE	0.995097263749245
1 quererias querer VMIC2S0   	POSITIVE	0.918231369319181
1 querias querer VMII2S0   	POSITIVE	0.918231369319181
1 quieto quietar VMIP1S0   	NONE	1
1 Quiséramos querer VMIM1P0   	POSITIVE	0.800058376645471
1 racionais racionar VMIP2P0   	POSITIVE	0.997582431767311
1 raiva raivar VMIP3S0   	NEGATIVE	0.999982975785681
1 Ralhou ralhar VMIS3S0   	NONE	1
1 rapou rapar VMIS3S0   	NONE	1
1 raso rasar VMIP1S0   	NONE	1
1 reagiu reagir VMIS3S0   	NONE	1
1 Reanimou reanimar VMIS3S0   	NONE	1
1 rebates rebater VMIP2S0   	NEGATIVE	0.995097263749245
1 rebrilham rebrilhar VMIP3P0   	NONE	1
1 rebrilha rebrilhar VMIP3S0   	NONE	1
1 rebuliço rebuliçar VMIP1S0   	NONE	1
1 recado recadar VMIP1S0   	NONE	1
1 recearam recear VMIS3P0   	NEGATIVE	0.999982975785681
1 Receara recear VMIM3S0   	NEGATIVE	0.995097263749245
1 recebemo receber VMIS1P0   	NONE	1
1 receberia receber VMIC3S0   	NONE	1
1 Recebeu receber VMIS3S0   	NONE	1
1 recebíamos receber VMII1P0   	NONE	1
1 recebiam receber VMII3P0   	NONE	1
1 receita receitar VMIP3S0   	NONE	1
1 recobra recobrar VMIP3S0   	NONE	1
1 recobrou recobrar VMIS3S0   	NONE	1
1 recolheram recolher VMIS3P0   	NONE	1
1 recolhera recolher VMIM3S0   	NONE	1
1 recolhe recolher VMIP3S0   	NONE	1
1 recolhia recolher VMII3S0   	NONE	1
1 recomeçava recomeçar VMII3S0   	NONE	1
1 recomendavam recomendar VMII3P0   	POSITIVE	0.999991626099726
1 recompensa recompensar VMIP3S0   	POSITIVE	0.999991626099726
1 reconheceu reconhecer VMIS3S0   	POSITIVE	0.999991626099726
1 Reconheceu reconhecer VMIS3S0   	POSITIVE	0.997582431767311
1 reconhecia reconhecer VMII3S0   	POSITIVE	0.999991626099726
1 reconheço reconhecer VMIP1S0   	POSITIVE	0.999991626099726
1 recordaram recordar VMIS3P0   	NONE	1
1 recorda recordar VMIP3S0   	NONE	1
1 recordava recordar VMII3S0   	NONE	1
1 recordo recordar VMIP1S0   	NONE	1
1 redes rer VMIP2P0   	NONE	1
1 redobrou redobrar VMIS3S0   	NONE	1
1 reforçam reforçar VMIP3P0   	NONE	1
1 Refreou refrear VMIS3S0   	NONE	1
1 refrigeram refrigerar VMIP3P0   	NONE	1
1 regougou regougar VMIS3S0   	NONE	1
1 Rejeitaram rejeitar VMIS3P0   	NEGATIVE	0.995097263749245
1 rejeitara rejeitar VMIM3S0   	NEGATIVE	0.999982975785681
1 rejeitava rejeitar VMII3S0   	NEGATIVE	0.999982975785681
1 rejubila rejubilar VMIP3S0   	NONE	1
1 relancearam relancear VMIS3P0   	NONE	1
1 relanceou relancear VMIS3S0   	NONE	1
1 relanço relançar VMIP1S0   	NONE	1
1 relatou relatar VMIS3S0   	NONE	1
1 relaxou relaxar VMIS3S0   	NONE	1
1 relembra relembrar VMIP3S0   	NONE	1
1 relê reler VMIP3S0   	NONE	1
1 releu reler VMIS3S0   	NONE	1
1 reluz reluzir VMIP3S0   	NONE	1
1 rematava rematar VMII3S0   	NONE	1
1 Rematava rematar VMII3S0   	NONE	1
1 rematou rematar VMIS3S0   	NONE	1
1 remeteu remeter VMIS3S0   	NONE	1
1 remetia remeter VMII3S0   	NONE	1
1 remia remir VMII3S0   	NONE	1
1 remirava remirar VMII3S0   	NONE	1
1 renasceu renascer VMIS3S0   	NONE	1
1 Renuncia renunciar VMIP3S0   	NEGATIVE	0.995097263749245
1 repara reparar VMIP3S0   	POSITIVE	0.999991626099726
1 reparava reparar VMII3S0   	POSITIVE	0.999991626099726
1 repartirei repartir VMIF1S0   	NONE	1
1 repartiu repartir VMIS3S0   	NONE	1
1 repetem repetir VMIP3P0   	NONE	1
1 repetiam repetir VMII3P0   	NONE	1
1 repetia repetir VMII3S0   	NONE	1
1 repetiram repetir VMIS3P0   	NONE	1
1 Repicaram repicar VMIS3P0   	NONE	1
1 replicara replicar VMIM3S0   	NONE	1
1 replica replicar VMIP3S0   	NONE	1
1 Replicava replicar VMII3S0   	NONE	1
1 Repliquei replicar VMIS1S0   	NONE	1
1 reputava reputar VMII3S0   	POSITIVE	0.999991626099726
1 Reputo reputar VMIP1S0   	POSITIVE	0.997582431767311
1 resistem resistir VMIP3P0   	NONE	1
1 resiste resistir VMIP3S0   	NONE	1
1 resistiriam resistir VMIC3P0   	NONE	1
1 resmoneou resmonear VMIS3S0   	NONE	1
1 respeito respeitar VMIP1S0   	POSITIVE	0.999879077360259
1 respeitou respeitar VMIS3S0   	POSITIVE	0.999637319793272
1 respira respirar VMIP3S0   	NONE	1
1 responderam responder VMIS3P0   	NONE	1
1 responderás responder VMIF2S0   	NONE	1
1 respondes responder VMIP2S0   	NONE	1
1 respostas respostar VMIP2S0   	NONE	1
1 ressoa ressoar VMIP3S0   	NONE	1
1 Ressurgiram ressurgir VMIS3P0   	NONE	1
1 restabelecerá restabelecer VMIF3S0   	NONE	1
1 restam restar VMIP3P0   	NONE	1
1 restaram restar VMIS3P0   	NONE	1
1 resta restar VMIP3S0   	NONE	1
1 restava restar VMII3S0   	NONE	1
1 Restava restar VMII3S0   	NONE	1
1 restitui restituir VMIP3S0   	POSITIVE	0.999991626099726
1 Resultou resultar VMIS3S0   	NONE	1
1 reteve reter VMIS3S0   	NONE	1
1 Reteve reter VMIS3S0   	NONE	1
1 retraía retrair VMII3S0   	NONE	1
1 retrata retratar VMIP3S0   	NONE	1
1 retrocediam retroceder VMII3P0   	NONE	1
1 reuniam reunir VMII3P0   	NONE	1
1 revelava revelar VMII3S0   	POSITIVE	0.999991626099726
1 revendo revender VMIP1S0   	NONE	1
1 reverberava reverberar VMII3S0   	NONE	1
1 rezam rezar VMIP3P0   	NONE	1
1 reza rezar VMIP3S0   	NONE	1
1 rezo rezar VMIP1S0   	NONE	1
1 ri rir VMIS1S0   	POSITIVE	0.999637319793272
1 riu rir VMIS3S0   	POSITIVE	0.999637319793272
1 rodearam rodear VMIS3P0   	NONE	1
1 Rodeou rodear VMIS3S0   	NONE	1
1 rogava rogar VMII3S0   	NONE	1
1 Rogo rogar VMIP1S0   	NONE	1
1 rolo rolar VMIP1S0   	NONE	1
1 rompemos romper VMIS1P0   	NONE	1
1 rompera romper VMIM3S0   	NONE	1
1 rompeu romper VMIS3S0   	NONE	1
1 Rompeu romper VMIS3S0   	NONE	1
1 rompiam romper VMII3P0   	NONE	1
1 rosto rostir VMIP1S0   	NONE	1
1 roubaram roubar VMIS3P0   	NEGATIVE	0.999982975785681
1 rouba roubar VMIP3S0   	NEGATIVE	0.999982975785681
1 roubou roubar VMIS3S0   	NEGATIVE	0.999982975785681
1 saberei saber VMIF1S0   	NONE	1
1 Sabe saber VMIP3S0   	NONE	1
1 Sabes saber VMIP2S0   	NONE	1
1 Sabíamos saber VMII1P0   	NONE	1
1 sabiam saber VMII3P0   	NONE	1
1 Sabia saber VMII3S0   	NONE	1
1 sabias saber VMII2S0   	NONE	1
1 saboreou saborear VMIS3S0   	POSITIVE	0.999991626099726
1 sacode sacudir VMIP3S0   	NONE	1
1 Sacramento sacramentar VMIP1S0   	NONE	1
1 Sacrifiquei sacrificar VMIS1S0   	NONE	1
1 sacudia sacudir VMII3S0   	NONE	1
1 sacudiu sacudir VMIS3S0   	NONE	1
1 saíam sair VMII3P0   	NONE	1
1 Saía sair VMII3S0   	NONE	1
1 Saíram sair VMIS3P0   	NONE	1
1 sairia sair VMIC3S0   	NONE	1
1 saí sair VMIS1S0   	NONE	1
1 saltaram saltar VMIS3P0   	NONE	1
1 Saltaram saltar VMIS3P0   	NONE	1
1 Saltava saltar VMII3S0   	NONE	1
1 saltei saltar VMIS1S0   	NONE	1
1 Saltou saltar VMIS3S0   	NONE	1
1 salvara salvar VMIM3S0   	POSITIVE	0.996745321399512
1 salva salvar VMIP3S0   	POSITIVE	0.954330626871873
1 Salva salvar VMIP3S0   	POSITIVE	0.954330626871873
1 salvou salvar VMIS3S0   	POSITIVE	0.996745321399512
1 sanciona sancionar VMIP3S0   	NEGATIVE	0.999982975785681
1 Secaram secar VMIS3P0   	NONE	1
1 seca secar VMIP3S0   	NONE	1
1 seco secar VMIP1S0   	NONE	1
1 segue seguir VMIP3S0   	NONE	1
1 Segue seguir VMIP3S0   	NONE	1
1 seguiam seguir VMII3P0   	NONE	1
1 seguiram seguir VMIS3P0   	NONE	1
1 Seguiram seguir VMIS3P0   	NONE	1
1_segundo segundar VMIP1S0   	NONE	1
1 segurou segurar VMIS3S0   	POSITIVE	0.999637319793272
1 semeia semear VMIP3S0   	NONE	1
1 sentem sentir VMIP3P0   	NONE	1
1 sente sentir VMIP3S0   	NONE	1
1 Sentia sentir VMII3S0   	NONE	1
1 sentias sentir VMII2S0   	NONE	1
1 sentirei sentir VMIF1S0   	NONE	1
1 senti sentir VMIS1S0   	NONE	1
1 sentiu sentir VMIS3S0   	NONE	1
1 separam separar VMIP3P0   	NONE	1
1 separava separar VMII3S0   	NONE	1
1 seqüestrava seqüestrar VMII3S0   	NONE	1
1 serias seriar VMIP2S0   	NONE	1
1 serviria servir VMIC3S0   	NONE	1
1 serviu servir VMIS3S0   	NONE	1
1 sibilava sibilar VMII3S0   	NONE	1
1 significa significar VMIP3S0   	NONE	1
1 simpatizava simpatizar VMII3S0   	POSITIVE	0.999991626099726
1 Sinto sentir VMIP1S0   	NONE	1
1 sitio sitiar VMIP1S0   	NONE	1
1 soaram soar VMIS3P0   	NONE	1
1 Soaram soar VMIS3P0   	NONE	1
1 soará soar VMIF3S0   	NONE	1
1 sobejavam sobejar VMII3P0   	NONE	1
1 sobe subir VMIP3S0   	NONE	1
1 sobra sobrar VMIP3S0   	NONE	1
1 sobre-rolda sobre-roldar VMIP3S0   	NONE	1
1 sobrescritou sobrescritar VMIS3S0   	NONE	1
1 sobressalto sobressaltar VMIP1S0   	NONE	1
1 Sobressaltou sobressaltar VMIS3S0   	NONE	1
1 sobreveio sobrevir VMIS3S0   	NONE	1
1 Sofrerei sofrer VMIF1S0   	NEGATIVE	0.995097263749245
1 sofreria sofrer VMIC3S0   	NEGATIVE	0.999982975785681
1 Sofre sofrer VMIP3S0   	NEGATIVE	0.995097263749245
1 sofreu sofrer VMIS3S0   	NEGATIVE	0.999982975785681
1 sofriam sofrer VMII3P0   	NEGATIVE	0.999982975785681
1 sofrias sofrer VMII2S0   	NEGATIVE	0.999982975785681
1 sofro sofrer VMIP1S0   	NEGATIVE	0.999982975785681
1 solicita solicitar VMIP3S0   	NONE	1
1 solicitava solicitar VMII3S0   	NONE	1
1 solicitou solicitar VMIS3S0   	NONE	1
1 solta soltar VMIP3S0   	NONE	1
1 somos ser VMIP1P0   	NONE	1
1 sonha sonhar VMIP3S0   	NONE	1
1 Sonhava sonhar VMII3S0   	NONE	1
1 sonhei sonhar VMIS1S0   	NONE	1
1 Sorriram sorrir VMIS3P0   	POSITIVE	0.984298834018796
1 sorte sortir VMIP3S0   	POSITIVE	0.989477484089581
1 sossegou sossegar VMIS3S0   	POSITIVE	0.999991626099726
1 soubemos saber VMIS1P0   	NONE	1
1 Suas suar VMIP2S0   	NONE	1
1 subiam subir VMII3P0   	NONE	1
1 subiram subir VMIS3P0   	NONE	1
1 subiu subir VMIS3S0   	NONE	1
1 submergem submergir VMIP3P0   	NONE	1
1 submeto submeter VMIP1S0   	NONE	1
1 sucedem suceder VMIP3P0   	NONE	1
1 sufocava sufocar VMII3S0   	NEGATIVE	0.999982975785681
1 suga sugar VMIP3S0   	NONE	1
1 sugeriu sugerir VMIS3S0   	NONE	1
1 sulcava sulcar VMII3S0   	NONE	1
1 sumiu sumir VMIS3S0   	NONE	1
1 suplico suplicar VMIP1S0   	NONE	1
1 suponho supor VMIP1S0   	NONE	1
1 supria suprir VMII3S0   	NONE	1
1 suprimiu suprimir VMIS3S0   	NONE	1
1 supunham supor VMII3P0   	NONE	1
1 supunha supor VMII3S0   	NONE	1
1 surpreendera surpreender VMIM3S0   	NONE	1
1 surpreendeu surpreender VMIS3S0   	NONE	1
1 suspeitas suspeitar VMIP2S0   	NONE	1
1 suspeitou suspeitar VMIS3S0   	NONE	1
1 Suspendemos suspender VMIS1P0   	NEGATIVE	0.956695340308637
1 sustentou sustentar VMIS3S0   	NONE	1
1 susteria suster VMIC3S0   	NONE	1
1 Susteve suster VMIS3S0   	NONE	1
1 sustinha suster VMII3S0   	NONE	1
1 tardam tardar VMIP3P0   	NONE	1
1 teimara teimar VMIM3S0   	NONE	1
1 temerá temer VMIF3S0   	NEGATIVE	0.999982975785681
1 temiam temer VMII3P0   	NEGATIVE	0.999982975785681
1 temia temer VMII3S0   	NEGATIVE	0.999982975785681
1 tenciona tencionar VMIP3S0   	NONE	1
1 Tens ter VMIP2S0   	NONE	1
1 terão ter VMIF3P0   	NONE	1
1 Terei ter VMIF1S0   	NONE	1
1 teremos ter VMIF1P0   	NONE	1
1 Terias ter VMIC2S0   	NONE	1
1 Terminou terminar VMIS3S0   	NONE	1
1 Tínhamos ter VMII1P0   	NONE	1
1 tinhas ter VMII2S0   	NONE	1
1 Tinha ter VMII3S0   	NONE	1
1 tirarás tirar VMIF2S0   	NONE	1
1 tiraste tirar VMIS2S0   	NONE	1
1 tirava tirar VMII3S0   	NONE	1
1 tirei tirar VMIS1S0   	NONE	1
1 tivemos ter VMIS1P0   	NONE	1
1 Tiveram ter VMIS3P0   	NONE	1
1 tivera ter VMIM3S0   	NONE	1
1 tiveste ter VMIS2S0   	NONE	1
1 Tive ter VMIS3S0   	NONE	1
1 tocou tocar VMIS3S0   	NONE	1
1 toma tomar VMIP3S0   	NONE	1
1 tomava tomar VMII3S0   	NONE	1
1 tomei tomar VMIS1S0   	NONE	1
1 tornarei tornar VMIF1S0   	NONE	1
1 tornava tornar VMII3S0   	NONE	1
1 Tornou tornar VMIS3S0   	NONE	1
1 tosquiou tosquiar VMIS3S0   	NONE	1
1 trabalha trabalhar VMIP3S0   	NONE	1
1 trabalhei trabalhar VMIS1S0   	NONE	1
1 traga tragar VMIP3S0   	NONE	1
1 trago tragar VMIP1S0   	NONE	1
1 transluzia transluzir VMII3S0   	NONE	1
1 trarei trazer VMIF1S0   	NONE	1
1 tratou tratar VMIS3S0   	NONE	1
1 traze trazer VMIP2S0   	NONE	1
1 Tremia tremer VMII3S0   	NONE	1
1 tremo tremar VMIP1S0   	NONE	1
1 tributo tributar VMIP1S0   	NONE	1
1 trinavam trinar VMII3P0   	NONE	1
1 trocam trocar VMIP3P0   	NONE	1
1 tropeça tropeçar VMIP3S0   	NEGATIVE	0.999982975785681
1 trouxeram trazer VMIS3P0   	NONE	1
1 trouxera trazer VMIM3S0   	NONE	1
1 trupa trupar VMIP3S0   	NONE	1
1 tugiu tugir VMIS3S0   	NONE	1
1 ultimou ultimar VMIS3S0   	NONE	1
1 unam unar VMIP3P0   	NONE	1
1 vacilou vacilar VMIS3S0   	NEGATIVE	0.999982975785681
1 Vacilou vacilar VMIS3S0   	NEGATIVE	0.995097263749245
1 valemos valer VMIS1P0   	NONE	1
1 valem valer VMIP3P0   	NONE	1
1 valeu valer VMIS3S0   	NONE	1
1 valia valer VMII3S0   	POSITIVE	0.999036335767213
1 Vão ir VMIP3P0   	NEGATIVE	0.995097263749245
1 varara varar VMIM3S0   	NONE	1
1 vedava vedar VMII3S0   	NONE	1
1 Vejo ver VMIP1S0   	NONE	1
1 velava velar VMII3S0   	NONE	1
1 velei velar VMIS1S0   	NONE	1
1 velejou velejar VMIS3S0   	NONE	1
1 Velou velar VMIS3S0   	NONE	1
1 Venceu vencer VMIS3S0   	POSITIVE	0.997582431767311
1 Vendeu vender VMIS3S0   	NONE	1
1 vende vender VMIP3S0   	NONE	1
1 vendo vendar VMIP1S0   	NONE	1
1 Venho vir VMIP1S0   	NONE	1
1 vens vir VMIP2S0   	NONE	1
1 verão ver VMIF3P0   	NONE	1
1 Verás ver VMIF2S0   	NONE	1
1 verá ver VMIF3S0   	NONE	1
1 Verá ver VMIF3S0   	NONE	1
1 verdeais verdear VMIP2P0   	NONE	1
1 verei ver VMIF1S0   	NONE	1
1 vergava vergar VMII3S0   	NONE	1
1 verias ver VMIC2S0   	NONE	1
1 veste vestir VMIP3S0   	NONE	1
1 vestia vestir VMII3S0   	NONE	1
1 vestimos vestir VMIS1P0   	NONE	1
1 vestira vestir VMIM3S0   	NONE	1
1 vestiu vestir VMIS3S0   	NONE	1
1 Vestiu vestir VMIS3S0   	NONE	1
1 vesti vestir VMIS1S0   	NONE	1
1 Viam ver VMII3P0   	NONE	1
1 Via ver VMII3S0   	NONE	1
1 vibrou vibrar VMIS3S0   	NONE	1
1 vidro vidrar VMIP1S0   	NONE	1
1 viemos vir VMIS1P0   	NONE	1
1 vieste vir VMIS2S0   	NONE	1
1 vigiarei vigiar VMIF1S0   	NONE	1
1 vigiava vigiar VMII3S0   	NONE	1
1 Vim vir VMIS1S0   	NONE	1
1 vingou vingar VMIS3S0   	NEGATIVE	0.999982975785681
1 violentaria violentar VMIC3S0   	NONE	1
1 virás vir VMIF2S0   	NONE	1
1 virá vir VMIF3S0   	NONE	1
1 virei virar VMIS1S0   	NONE	1
1 visitaram visitar VMIS3P0   	NONE	1
1 vitima vitimar VMIP3S0   	NONE	1
1 viva vivar VMIP3S0   	POSITIVE	0.984298834018796
1 Viva vivar VMIP3S0   	POSITIVE	0.984298834018796
1 vivera viver VMIM3S0   	NONE	1
1 viverei viver VMIF1S0   	NONE	1
1 viviam viver VMII3P0   	NONE	1
1 vivo vivar VMIP1S0   	NONE	1
1 voejam voejar VMIP3P0   	NONE	1
1 voeja voejar VMIP3S0   	NONE	1
1 voltaram voltar VMIS3P0   	NONE	1
1 voltará voltar VMIF3S0   	NONE	1
1 voltaremos voltar VMIF1P0   	NONE	1
1 voltava voltar VMII3S0   	NONE	1
1 voltei voltar VMIS1S0   	NONE	1
1 volveu volver VMIS3S0   	NONE	1
1 Volvi volver VMIS1S0   	NONE	1
1 zomba zombar VMIP3S0   	NEGATIVE	0.995097263749245
1 zumbia zumbir VMII3S0   	NONE	1
2 abadessa abadessar VMIP3S0   	NONE	1
2 abalou abalar VMIS3S0   	NONE	1
2 abomino abominar VMIP1S0   	NEGATIVE	0.999982975785681
2 abriam abrir VMII3P0   	NONE	1
2 abrilhantava abrilhantar VMII3S0   	NONE	1
2 abrira abrir VMIM3S0   	NONE	1
2 Acabara acabar VMIM3S0   	NONE	1
2 Aceita aceitar VMIP3S0   	POSITIVE	0.984298834018796
2 acharás achar VMIF2S0   	NONE	1
2 achava achar VMII3S0   	NONE	1
2 Achei achar VMIS1S0   	NONE	1
2 acho achar VMIP1S0   	NONE	1
2 acompanhou acompanhar VMIS3S0   	NONE	1
2 acordou acordar VMIS3S0   	POSITIVE	0.994228514744341
2 acudia acudir VMII3S0   	NONE	1
2 acudiam acudir VMII3P0   	NONE	1
2 adivinha adivinhar VMIP3S0   	NONE	1
2 afastou afastar VMIS3S0   	NONE	1
2 alegrava alegrar VMII3S0   	POSITIVE	0.999991626099726
2 Andava andar VMII3S0   	NONE	1
2 apagou apagar VMIS3S0   	NONE	1
2 aperrou aperrar VMIS3S0   	NONE	1
2 aperta apertar VMIP3S0   	NONE	1
2 Apresentou apresentar VMIS3S0   	NONE	1
2 aquelas aquelar VMIP2S0   	NONE	1
2 Aquelas aquelar VMIP2S0   	NONE	1
2 arrastou arrastar VMIS3S0   	NEGATIVE	0.999982975785681
2 assento assentar VMIP1S0   	POSITIVE	0.997582431767311
2 assomava assomar VMII3S0   	NONE	1
2 assomou assomar VMIS3S0   	NONE	1
2 atiro atirar VMIP1S0   	NONE	1
2 atrevia atrever VMII3S0   	NONE	1
2 aturde aturdir VMIP3S0   	NONE	1
2 barra barrar VMIP3S0   	NONE	1
2 bastavam bastar VMII3P0   	NONE	1
2 bate bater VMIP3S0   	NEGATIVE	0.948480614263728
2 bebia beber VMII3S0   	NONE	1
2 bota botar VMIP3S0   	NONE	1
2 caímos cair VMIS1P0   	NEGATIVE	0.999982975785681
2 casara casar VMIM3S0   	NONE	1
2 certo certar VMIP1S0   	POSITIVE	0.979174108949094
2 chamam chamar VMIP3P0   	NONE	1
2 Chamou chamar VMIS3S0   	NONE	1
2 choraria chorar VMIC3S0   	NEGATIVE	0.99994252414417
2 come comer VMIP3S0   	NONE	1
2 Condoeu condoer VMIS3S0   	NONE	1
2 conduziu conduzir VMIS3S0   	NONE	1
2 confessou confessar VMIS3S0   	NONE	1
2 conhecem conhecer VMIP3P0   	NONE	1
2 consente consentir VMIP3S0   	NONE	1
2 consentiu consentir VMIS3S0   	NONE	1
2 consta constar VMIP3S0   	NONE	1
2 conta contar VMIP3S0   	NONE	1
2 contei contar VMIS1S0   	NONE	1
2 contrariou contrariar VMIS3S0   	NEGATIVE	0.999982975785681
2 convenceu convencer VMIS3S0   	POSITIVE	0.999991626099726
2 convinha convir VMII3S0   	NONE	1
2 Correram correr VMIS3P0   	NONE	1
2 corriam correr VMII3P0   	NONE	1
2 cria criar VMIP3S0   	NONE	1
2 cuidei cuidar VMIS1S0   	POSITIVE	0.999991626099726
2 Cuidei cuidar VMIS1S0   	POSITIVE	0.997582431767311
2 cumpriu cumprir VMIS3S0   	POSITIVE	0.999637319793272
2 Dá dar VMIP3S0   	NONE	1
2 davam dar VMII3P0   	NONE	1
2 Deixai deixar VMIP2P0   	NONE	1
2 depositou depositar VMIS3S0   	NONE	1
2 desamparou desamparar VMIS3S0   	NONE	1
2 desaparecera desaparecer VMIM3S0   	NONE	1
2 descendo descender VMIP1S0   	NONE	1
2 descobre descobrir VMIP3S0   	NONE	1
2 deseja desejar VMIP3S0   	POSITIVE	0.998993204127863
2 desfechou desfechar VMIS3S0   	NONE	1
2 desfitou desfitar VMIS3S0   	NONE	1
2 despediu despedir VMIS3S0   	NONE	1
2 devem dever VMIP3P0   	NONE	1
2 dirá dizer VMIF3S0   	NONE	1
2 disseste dizer VMIS2S0   	NONE	1
2 dize dizer VMIP2S0   	NONE	1
2 Dize dizer VMIP2S0   	NONE	1
2 dizias dizer VMII2S0   	NONE	1
2 duvidava duvidar VMII3S0   	NEGATIVE	0.999982975785681
2 duvidou duvidar VMIS3S0   	NEGATIVE	0.999982975785681
2 empalideceu empalidecer VMIS3S0   	NONE	1
2 empresta emprestar VMIP3S0   	NONE	1
2 encontrei encontrar VMIS1S0   	NONE	1
2 encosta encostar VMIP3S0   	NONE	1
2 enfado enfadar VMIP1S0   	NEGATIVE	0.999982975785681
2 entende entender VMIP3S0   	POSITIVE	0.993233300967958
2 entraram entrar VMIS3P0   	NONE	1
2 entregou entregar VMIS3S0   	NONE	1
2 escondeu esconder VMIS3S0   	NONE	1
2 escrevera escrever VMIM3S0   	NONE	1
2 escutou escutar VMIS3S0   	NONE	1
2 esmagou esmagar VMIS3S0   	NONE	1
2 espancou espancar VMIS3S0   	NEGATIVE	0.999982975785681
2 espantou espantar VMIS3S0   	NONE	1
2 esperou esperar VMIS3S0   	NONE	1
2 espreitava espreitar VMII3S0   	NONE	1
2 És ser VMIP2S0   	NONE	1
2 Estamos estar VMIP1P0   	NONE	1
2 Esteve estar VMIS3S0   	NONE	1
2 estive estar VMIS1S0   	NONE	1
2 estivera estar VMIM3S0   	NONE	1
2 estragava estragar VMII3S0   	NEGATIVE	0.999982975785681
2 Estrelava estrelar VMII3S0   	NONE	1
2 estremeceu estremecer VMIS3S0   	NONE	1
2 esturrinho esturrinhar VMIP1S0   	NONE	1
2 excediam exceder VMII3P0   	NONE	1
2 exprimia exprimir VMII3S0   	NONE	1
2 falece falecer VMIP3S0   	NONE	1
2 faltavam faltar VMII3P0   	NEGATIVE	0.985498716693073
2 fará fazer VMIF3S0   	NONE	1
2 farei farar VMIS1S0   	NONE	1
2 farias fazer VMIC2S0   	NONE	1
2 ficara ficar VMIM3S0   	NONE	1
2 ficaria ficar VMIC3S0   	NONE	1
2 fingiu fingir VMIS3S0   	NONE	1
2 fiquei ficar VMIS1S0   	NONE	1
2 fitava fitar VMII3S0   	NONE	1
2 fito fitar VMIP1S0   	NONE	1
2 fugira fugir VMIM3S0   	NEGATIVE	0.999982975785681
2 granjeara granjear VMIM3S0   	NONE	1
2 havemos haver VMIP1P0   	NONE	1
2 haveria haver VMIC3S0   	NONE	1
2 Hei haver VMIP2P0   	NONE	1
2 impedia impedir VMII3S0   	NEGATIVE	0.999982975785681
2 incomoda incomodar VMIP3S0   	NEGATIVE	0.999982975785681
2 inspira inspirar VMIP3S0   	POSITIVE	0.999959689203761
2 instou instar VMIS3S0   	NONE	1
2 inventa inventar VMIP3S0   	NONE	1
2 irás ir VMIF2S0   	NONE	1
2 Lançou lançar VMIS3S0   	NONE	1
2 lembra lembrar VMIP3S0   	NONE	1
2 lembram lembrar VMIP3P0   	NONE	1
2 lembrou lembrar VMIS3S0   	NONE	1
2 leva levar VMIP3S0   	NONE	1
2 levará levar VMIF3S0   	NONE	1
2 levaria levar VMIC3S0   	NONE	1
2 lisonjeavam lisonjear VMII3P0   	NONE	1
2 livra livrar VMIP3S0   	NONE	1
2 mando mandar VMIP1S0   	NONE	1
2 maravilhou maravilhar VMIS3S0   	POSITIVE	0.999991626099726
2 mato matar VMIP1S0   	NEGATIVE	0.983637709256681
2 mente mentir VMIP3S0   	NEGATIVE	0.995097263749245
2 mentiu mentir VMIS3S0   	NEGATIVE	0.999982975785681
2 merecem merecer VMIP3P0   	NONE	1
2 mereço merecer VMIP1S0   	NONE	1
2 mora morar VMIP3S0   	NONE	1
2 morrerás morrer VMIF2S0   	NEGATIVE	0.994284933770955
2 morrerei morrer VMIF1S0   	NEGATIVE	0.994284933770955
2 morri morrer VMIS1S0   	NEGATIVE	0.994284933770955
2 mortificava mortificar VMII3S0   	NONE	1
2 moveu mover VMIS3S0   	NONE	1
2 noticias noticiar VMIP2S0   	NONE	1
2 notou notar VMIS3S0   	NONE	1
2 obriga obrigar VMIP3S0   	NONE	1
2 observava observar VMII3S0   	NONE	1
2 ofereceu oferecer VMIS3S0   	NONE	1
2 ofereço oferecer VMIP1S0   	NONE	1
2 ordenou ordenar VMIS3S0   	NONE	1
2 orou orar VMIS3S0   	NONE	1
2 ousava ousar VMII3S0   	NONE	1
2 ouves ouvir VMIP2S0   	NONE	1
2 Ouvira ouvir VMIM3S0   	NONE	1
2 parava parar VMII3S0   	NONE	1
2 pareceu parecer VMIS3S0   	NONE	1
2 pareciam parecer VMII3P0   	NONE	1
2 passava passar VMII3S0   	NONE	1
2 Passou passar VMIS3S0   	NONE	1
2 Pede pedir VMIP3S0   	NONE	1
2 pegou pegar VMIS3S0   	NONE	1
2 pensa pensar VMIP3S0   	NONE	1
2 Pensava pensar VMII3S0   	NONE	1
2 pensei pensar VMIS1S0   	NONE	1
2 Penso pensar VMIP1S0   	NONE	1
2 percebeu perceber VMIS3S0   	NONE	1
2 perdoa perdoar VMIP3S0   	NONE	1
2 perguntei perguntar VMIS1S0   	NONE	1
2 Perguntei perguntar VMIS1S0   	NONE	1
2 pesava pesar VMII3S0   	NEGATIVE	0.999982975785681
2 Pode poder VMIP3S0   	NONE	1
2 poderá poder VMIF3S0   	NONE	1
2 podias poder VMII2S0   	NONE	1
2 ponho pôr VMIP1S0   	NONE	1
2 Posso poder VMIP1S0   	NONE	1
2 poupa poupar VMIP3S0   	POSITIVE	0.997582431767311
2 poupou poupar VMIS3S0   	POSITIVE	0.999991626099726
2 precisam precisar VMIP3P0   	NONE	1
2 preciso precisar VMIP1S0   	POSITIVE	0.92375366568915
2 preparou preparar VMIS3S0   	NONE	1
2 proferiu proferir VMIS3S0   	NONE	1
2 prometia prometer VMII3S0   	NONE	1
2 Prometo prometer VMIP1S0   	NONE	1
2 quebranta quebrantar VMIP3S0   	NEGATIVE	0.999982975785681
2 queres querer VMIP2S0   	POSITIVE	0.918231369319181
2 quiseram querer VMIS3P0   	POSITIVE	0.918231369319181
2 rebate rebater VMIP3S0   	NEGATIVE	0.995097263749245
2 recalcitrou recalcitrar VMIS3S0   	NONE	1
2 recebe receber VMIP3S0   	NONE	1
2 recebi receber VMIS1S0   	NONE	1
2 recebo receber VMIP1S0   	NONE	1
2 receio recear VMIP1S0   	NEGATIVE	0.995097263749245
2 recolheu recolher VMIS3S0   	NONE	1
2 recuou recuar VMIS3S0   	NONE	1
2 rejeitou rejeitar VMIS3S0   	NEGATIVE	0.999982975785681
2 reparou reparar VMIS3S0   	POSITIVE	0.999991626099726
2 repeliu repelir VMIS3S0   	NEGATIVE	0.999982975785681
2 reservara reservar VMIM3S0   	NONE	1
2 resmungou resmungar VMIS3S0   	NONE	1
2 resolvera resolver VMIM3S0   	NONE	1
2 respondera responder VMIM3S0   	NONE	1
2 responde responder VMIP3S0   	NONE	1
2 restavam restar VMII3P0   	NONE	1
2 retirava retirar VMII3S0   	NONE	1
2 Retirou retirar VMIS3S0   	NONE	1
2 revelou revelar VMIS3S0   	POSITIVE	0.999991626099726
2 Rompe romper VMIP3S0   	NONE	1
2 saberá saber VMIF3S0   	NONE	1
2 saíste sair VMIS2S0   	NONE	1
2 São ser VMIP3P0   	NONE	1
2 segredou segredar VMIS3S0   	NONE	1
2 Seguiu seguir VMIS3S0   	NONE	1
2 Sentou sentar VMIS3S0   	NONE	1
2 serei ser VMIF1S0   	NONE	1
2 Serei ser VMIF1S0   	NONE	1
2 Seria seriar VMIP3S0   	NONE	1
2 serve servir VMIP3S0   	NONE	1
2 sofre sofrer VMIP3S0   	NEGATIVE	0.999982975785681
2 soluçava soluçar VMII3S0   	NONE	1
2 sorria sorrir VMII3S0   	POSITIVE	0.999637319793272
2 Sou ser VMIP1S0   	NONE	1
2 sua suar VMIP3S0   	NONE	1
2 suspendeu suspender VMIS3S0   	NEGATIVE	0.998565082958294
2 tarda tardar VMIP3S0   	NEGATIVE	0.995097263749245
2 Teria ter VMIC3S0   	NONE	1
2 tiravam tirar VMII3P0   	NONE	1
2 torna tornar VMIP3S0   	NONE	1
2 trata tratar VMIP3S0   	NONE	1
2 trazem trazer VMIP3P0   	NONE	1
2 traz trazer VMIP3S0   	NONE	1
2 uma umar VMIP3S0   	NONE	1
2 vale valer VMIP3S0   	NONE	1
2 valiam valer VMII3P0   	NONE	1
2 vendeu vender VMIS3S0   	NONE	1
2 venho vir VMIP1S0   	NONE	1
2 veria ver VMIC3S0   	NONE	1
2 vês ver VMIP2S0   	NONE	1
2 Vê ver VMIP3S0   	NONE	1
2 vieram vir VMIS3P0   	NONE	1
2 vim vir VMIS1S0   	NONE	1
2 Viram ver VMIS3P0   	NONE	1
2 viste ver VMIS2S0   	NONE	1
2 Vi ver VMIS1S0   	NONE	1
2 viveu viver VMIS3S0   	NONE	1
2 Vive viver VMIP3S0   	NONE	1
2 voga vogar VMIP3S0   	NONE	1
2 voltara voltar VMIM3S0   	NONE	1
2 voltarei voltar VMIF1S0   	NONE	1
2 volta voltar VMIP3S0   	NONE	1
2 volto voltar VMIP1S0   	NONE	1
3 abre abrir VMIP3S0   	NONE	1
3 abria abrir VMII3S0   	NONE	1
3 aceitava aceitar VMII3S0   	POSITIVE	0.999637319793272
3 achara achar VMIM3S0   	NONE	1
3 acreditou acreditar VMIS3S0   	NONE	1
3 ama amar VMIP3S0   	POSITIVE	0.992342342015447
3 Amava amar VMII3S0   	POSITIVE	0.959197956804433
3 amo amar VMIP1S0   	POSITIVE	0.992342342015447
3 apareceram aparecer VMIS3P0   	NONE	1
3 apareceu aparecer VMIS3S0   	NONE	1
3 aquela aquelar VMIP3S0   	NONE	1
3 Aquela aquelar VMIP3S0   	NONE	1
3 arrancava arrancar VMII3S0   	NONE	1
3 balbuciou balbuciar VMIS3S0   	NONE	1
3 bateu bater VMIS3S0   	NEGATIVE	0.997935023210913
3 bebeu beber VMIS3S0   	NONE	1
3 caíra cair VMIM3S0   	NEGATIVE	0.999982975785681
3 cartas cartar VMIP2S0   	NONE	1
3 causa causar VMIP3S0   	NONE	1
3 causara causar VMIM3S0   	NONE	1
3 chama chamar VMIP3S0   	NONE	1
3 chora chorar VMIP3S0   	NEGATIVE	0.991028253311999
3 choro chorar VMIP1S0   	NEGATIVE	0.999827592251076
3 cismava cismar VMII3S0   	NONE	1
3 colocou colocar VMIS3S0   	NONE	1
3 conheci conhecer VMIS1S0   	NONE	1
3 conseguiu conseguir VMIS3S0   	POSITIVE	0.984130919910736
3 Conta contar VMIP3S0   	NONE	1
3 contaram contar VMIS3P0   	NONE	1
3 contava contar VMII3S0   	NONE	1
3 contemplava contemplar VMII3S0   	NONE	1
3 corria correr VMII3S0   	NONE	1
3 Creio crer VMIP1S0   	NONE	1
3 Cuida cuidar VMIP3S0   	POSITIVE	0.997582431767311
3 curvou curvar VMIS3S0   	NONE	1
3 dai dar VMIP2P0   	NONE	1
3 dão dar VMIP3P0   	NONE	1
3 deitou deitar VMIS3S0   	NONE	1
3 deixam deixar VMIP3P0   	NONE	1
3 deixaram deixar VMIS3P0   	NONE	1
3 deixo deixar VMIP1S0   	NONE	1
3 Deixou deixar VMIS3S0   	NONE	1
3 demorava demorar VMII3S0   	NONE	1
3 desceu descer VMIS3S0   	NONE	1
3 destino destinar VMIP1S0   	NONE	1
3 direi dizer VMIF1S0   	NONE	1
3 dissera dizer VMIM3S0   	NONE	1
3 disseram dizer VMIS3P0   	NONE	1
3 dizes dizer VMIP2S0   	NONE	1
3 Ela elar VMIP3S0   	NONE	1
3 encarregou encarregar VMIS3S0   	NONE	1
3 encostou encostar VMIS3S0   	NONE	1
3 engana enganar VMIP3S0   	NEGATIVE	0.999982975785681
3 entra entrar VMIP3S0   	NONE	1
3 entrara entrar VMIM3S0   	NONE	1
3 enviava enviar VMII3S0   	NONE	1
3 eras ser VMII2S0   	NONE	1
3 escreve escrever VMIP3S0   	NONE	1
3 espero esperar VMIP1S0   	NONE	1
3 estará estar VMIF3S0   	NONE	1
3 Estava estar VMII3S0   	NONE	1
3 estendeu estender VMIS3S0   	NONE	1
3 examinou examinar VMIS3S0   	NONE	1
3 exclamava exclamar VMII3S0   	NONE	1
3 faço fazer VMIP1S0   	NONE	1
3 falta faltar VMIP3S0   	NEGATIVE	0.999499740771822
3 fazes fazer VMIP2S0   	NONE	1
3 Faz fazer VMIP3S0   	NONE	1
3 ficam ficar VMIP3P0   	NONE	1
3 ficava ficar VMII3S0   	NONE	1
3 foge fugir VMIP3S0   	NEGATIVE	0.999982975785681
3 formava formar VMII3S0   	NONE	1
3 fronteira fronteirar VMIP3S0   	NONE	1
3 fujo fugir VMIP1S0   	NEGATIVE	0.999982975785681
3 haviam haver VMII3P0   	NONE	1
3 irá ir VMIF3S0   	NONE	1
3 irei irar VMIS1S0   	NEGATIVE	0.997935023210913
3 julgava julgar VMII3S0   	NONE	1
3 lembro lembrar VMIP1S0   	NONE	1
3 levantou levantar VMIS3S0   	NONE	1
3 levava levar VMII3S0   	NONE	1
3 levo levar VMIP1S0   	NONE	1
3 li ler VMIS1S0   	NONE	1
3 mandei mandar VMIS1S0   	NONE	1
3 mata matar VMIP3S0   	NEGATIVE	0.991028253311999
3 mataram matar VMIS3P0   	NEGATIVE	0.99994252414417
3 meditou meditar VMIS3S0   	NONE	1
3 morro morrer VMIP1S0   	NEGATIVE	0.916985591334034
3 nasceu nascer VMIS3S0   	NONE	1
3 Olha olhar VMIP3S0   	NONE	1
3 ouço ouvir VMIP1S0   	NONE	1
3 ousou ousar VMIS3S0   	NONE	1
3 Ouviu ouvir VMIS3S0   	NONE	1
3 passaram passar VMIS3P0   	NONE	1
3 passeava passear VMII3S0   	NONE	1
3 penso pensar VMIP1S0   	NONE	1
3 perdera perder VMIM3S0   	NEGATIVE	0.998565082958294
3 perdi perder VMIS1S0   	NEGATIVE	0.998565082958294
3 pôde poder VMIS3S0   	NONE	1
3 poderei poder VMIF1S0   	NONE	1
3 Poderei poder VMIF1S0   	NONE	1
3 poderia poder VMIC3S0   	NONE	1
3 principio principiar VMIP1S0   	NONE	1
3 procuro procurar VMIP1S0   	NONE	1
3 pusera pôr VMIM3S0   	NONE	1
3 querem querer VMIP3P0   	POSITIVE	0.918231369319181
3 Queres querer VMIP2S0   	POSITIVE	0.800058376645471
3 queriam querer VMII3P0   	POSITIVE	0.918231369319181
3 quisera querer VMIM3S0   	POSITIVE	0.918231369319181
3 receava recear VMII3S0   	NEGATIVE	0.999982975785681
3 recebera receber VMIM3S0   	NONE	1
3 recebia receber VMII3S0   	NONE	1
3 retorquiu retorquir VMIS3S0   	NONE	1
3 Sei saber VMIP1S0   	NONE	1
3 sentava sentar VMII3S0   	NONE	1
3 Soube saber VMIS3S0   	NONE	1
3 suicido suicidar VMIP1S0   	NONE	1
3 Tenho ter VMIP1S0   	NONE	1
3 Teve ter VMIS3S0   	NONE	1
3 Tinham ter VMII3P0   	NONE	1
3 tive ter VMIS3S0   	NONE	1
3 tomara tomar VMIM3S0   	NONE	1
3 torno tornar VMIP1S0   	NONE	1
3 trazia trazer VMII3S0   	NONE	1
3 trouxe trazer VMIS3S0   	NONE	1
3 veremos ver VMIF1P0   	NONE	1
3 via ver VMII3S0   	NONE	1
3 vimos ver VMIS1P0   	NONE	1
3 vinham vir VMII3P0   	NONE	1
3 viram ver VMIS3P0   	NONE	1
3 vivia viver VMII3S0   	NONE	1
3 Voltou voltar VMIS3S0   	NONE	1
4 Abriu abrir VMIS3S0   	NONE	1
4 acrescentou acrescentar VMIS3S0   	NONE	1
4 ajoelhou ajoelhar VMIS3S0   	NONE	1
4 ajuntou ajuntar VMIS3S0   	NONE	1
4 apertou apertar VMIS3S0   	NONE	1
4 bradou bradar VMIS3S0   	NEGATIVE	0.999982975785681
4 carta cartar VMIP3S0   	NONE	1
4 Chegou chegar VMIS3S0   	NONE	1
4 coisa coisar VMIP3S0   	NONE	1
4 contemplou contemplar VMIS3S0   	NONE	1
4 deixara deixar VMIM3S0   	NONE	1
4 Deu dar VMIS3S0   	NONE	1
4 Diz dizer VMIP3S0   	NONE	1
4 dizem dizer VMIP3P0   	NONE	1
4 dou dar VMIP1S0   	NONE	1
4 Eram ser VMII3P0   	NONE	1
4 Escreveu escrever VMIS3S0   	NONE	1
4 escrevo escrever VMIP1S0   	NONE	1
4 estamos estar VMIP1P0   	NONE	1
4 esteve estar VMIS3S0   	NONE	1
4 Estou estar VMIP1S0   	NONE	1
4 falou falar VMIS3S0   	NONE	1
4 fechou fechar VMIS3S0   	NONE	1
4 ficaram ficar VMIS3P0   	NONE	1
4 fico ficar VMIP1S0   	NONE	1
4 filha filhar VMIP3S0   	NONE	1
4 fitou fitar VMIS3S0   	NONE	1
4 fizeram fazer VMIS3P0   	NONE	1
4 hão haver VMIP3P0   	NONE	1
4 hás haver VMIP2S0   	NONE	1
4 indigna indignar VMIP3S0   	NEGATIVE	0.999982975785681
4 interrompeu interromper VMIS3S0   	NEGATIVE	0.999982975785681
4 levou levar VMIS3S0   	NONE	1
4 mandara mandar VMIM3S0   	NONE	1
4 morreria morrer VMIC3S0   	NEGATIVE	0.994284933770955
4 mudou mudar VMIS3S0   	NONE	1
4 olhou olhar VMIS3S0   	NONE	1
4 ouviram ouvir VMIS3P0   	NONE	1
4 para parar VMIP2S0   	NONE	1
4 Parece parecer VMIP3S0   	NONE	1
4 passa passar VMIP3S0   	NONE	1
4 pedia pedir VMII3S0   	NONE	1
4 pedi pedir VMIS1S0   	NONE	1
4 podem poder VMIP3P0   	NONE	1
4 podiam poder VMII3P0   	NONE	1
4 põe pôr VMIP3S0   	NONE	1
4 pude poder VMIS1S0   	NONE	1
4 Pudera poder VMIM3S0   	NONE	1
4 Quero querer VMIP1S0   	POSITIVE	0.800058376645471
4 recomendou recomendar VMIS3S0   	POSITIVE	0.999991626099726
4 refletiu refletir VMIS3S0   	NONE	1
4 repetiu repetir VMIS3S0   	NONE	1
4 resolveu resolver VMIS3S0   	NONE	1
4 retrocedeu retroceder VMIS3S0   	NONE	1
4 saíram sair VMIS3P0   	NONE	1
4 saíra sair VMIM3S0   	NONE	1
4 sai sair VMIP3S0   	NONE	1
4 sentia sentir VMII3S0   	NONE	1
4 serás ser VMIF2S0   	NONE	1
4 sinto sentir VMIP1S0   	NONE	1
4 sorriu sorrir VMIS3S0   	POSITIVE	0.999637319793272
4 Sua suar VMIP3S0   	NONE	1
4 Tem ter VMIP3S0   	NONE	1
4 terá ter VMIF3S0   	NONE	1
4 tremia tremer VMII3S0   	NONE	1
4 umas umar VMIP2S0   	NONE	1
4 viera vir VMIM3S0   	NONE	1
4 Viu ver VMIS3S0   	NONE	1
5 aceitou aceitar VMIS3S0   	POSITIVE	0.999637319793272
5 amava amar VMII3S0   	POSITIVE	0.997426644283833
5 anda andar VMIP3S0   	NONE	1
5 andava andar VMII3S0   	NONE	1
5 atirara atirar VMIM3S0   	NONE	1
5 caminhou caminhar VMIS3S0   	NONE	1
5 chegaram chegar VMIS3P0   	NONE	1
5 chorou chorar VMIS3S0   	NEGATIVE	0.99994252414417
5 contou contar VMIS3S0   	NONE	1
5 darei dar VMIF1S0   	NONE	1
5 deram dar VMIS3P0   	NONE	1
5 Desceu descer VMIS3S0   	NONE	1
5 Disse dizer VMIS3S0   	NONE	1
5 Dizia dizer VMII3S0   	NONE	1
5 encontrou encontrar VMIS3S0   	NONE	1
5 fugiu fugir VMIS3S0   	NEGATIVE	0.999982975785681
5 houve haver VMIS3S0   	NONE	1
5 iam ir VMII3P0   	NONE	1
5 passara passar VMIM3S0   	NONE	1
5 pensava pensar VMII3S0   	NONE	1
5 perdeu perder VMIS3S0   	NEGATIVE	0.998565082958294
5 prosseguiu prosseguir VMIS3S0   	NONE	1
5 Respondeu responder VMIS3S0   	NONE	1
5 sabem saber VMIP3P0   	NONE	1
5 sabes saber VMIP2S0   	NONE	1
5 Saiu sair VMIS3S0   	NONE	1
5 suas suar VMIP2S0   	NONE	1
5 temos ter VMIP1P0   	NONE	1
5 verás ver VMIF2S0   	NONE	1
5 viam ver VMII3P0   	NONE	1
6 abriu abrir VMIS3S0   	NONE	1
6 acudiu acudir VMIS3S0   	NONE	1
6 começou começar VMIS3S0   	NONE	1
6 conhece conhecer VMIP3S0   	NONE	1
6 conhecia conhecer VMII3S0   	NONE	1
6 cuidava cuidar VMII3S0   	POSITIVE	0.999991626099726
6 dei dar VMIS1S0   	NONE	1
6 devo dever VMIP1S0   	NONE	1
6 diria dizer VMIC3S0   	NONE	1
6 espera esperar VMIP3S0   	NONE	1
6 estão estar VMIP3P0   	NONE	1
6 estavam estar VMII3P0   	NONE	1
6 falava falar VMII3S0   	NONE	1
6 fazem fazer VMIP3P0   	NONE	1
6 iria iriar VMIP3S0   	NONE	1
6 mandava mandar VMII3S0   	NONE	1
6 murmurou murmurar VMIS3S0   	NONE	1
6 ouvia ouvir VMII3S0   	NONE	1
6 parecia parecer VMII3S0   	NONE	1
6 pede pedir VMIP3S0   	NONE	1
6 Perguntou perguntar VMIS3S0   	NONE	1
6 podes poder VMIP2S0   	NONE	1
6 saía sair VMII3S0   	NONE	1
6 seguiu seguir VMIS3S0   	NONE	1
6 tomou tomar VMIS3S0   	NONE	1
6 vêm vir VMIP3P0   	NONE	1
6 vive viver VMIP3S0   	NONE	1
7 conheço conhecer VMIP1S0   	NONE	1
7 deviam dever VMII3P0   	NONE	1
7 Era ser VMII3S0   	NONE	1
7 Está estar VMIP3S0   	NONE	1
7 estás estar VMIP2S0   	NONE	1
7 faria fazer VMIC3S0   	NONE	1
7 fizera fazer VMIM3S0   	NONE	1
7 Há haver VMIP3S0   	NONE	1
7 havia haver VMII3S0   	NONE	1
7 Nada nadar VMIP3S0   	NONE	1
7 noticia noticiar VMIP3S0   	NONE	1
7 parou parar VMIS3S0   	NONE	1
7 passou passar VMIS3S0   	NONE	1
7 Queria querer VMII3S0   	POSITIVE	0.800058376645471
7 Quer querer VMIP3S0   	POSITIVE	0.918231369319181
7 quis querer VMIS3S0   	POSITIVE	0.918231369319181
7 respondia responder VMII3S0   	NONE	1
7 retirou retirar VMIS3S0   	NONE	1
7 têm ter VMIP3P0   	NONE	1
7 Vamos ir VMIP1P0   	NONE	1
7 vira virar VMIP3S0   	NONE	1
8 caiu cair VMIS3S0   	NEGATIVE	0.999982975785681
8 chorava chorar VMII3S0   	NEGATIVE	0.99994252414417
8 deixa deixar VMIP3S0   	NONE	1
8 ergueu erguer VMIS3S0   	NONE	1
8 escrevia escrever VMII3S0   	NONE	1
8 esperava esperar VMII3S0   	NONE	1
8 lançou lançar VMIS3S0   	NONE	1
8 morreu morrer VMIS3S0   	NEGATIVE	0.994284933770955
8 partiu partir VMIS3S0   	NONE	1
8 Vai ir VMIP3S0   	NONE	1
8 vais ir VMIP2S0   	NONE	1
8 Vou ir VMIP1S0   	NONE	1
9 chamou chamar VMIS3S0   	NONE	1
9 correu correr VMIS3S0   	NONE	1
9 digo dizer VMIP1S0   	NONE	1
9 fazia fazer VMII3S0   	NONE	1
9 ficou ficar VMIS3S0   	NONE	1
9 fora ser VMIM3S0   	NONE	1
9 peço pedir VMIP1S0   	NONE	1
9 Quis querer VMIS3S0   	POSITIVE	0.800058376645471
9 sentou sentar VMIS3S0   	NONE	1
9 tirou tirar VMIS3S0   	NONE	1
9 vamos ir VMIP1P0   	NONE	1
9 vão ir VMIP3P0   	NONE	1
9 veio vir VMIS3S0   	NONE	1
9 vê ver VMIP3S0   	NONE	1
10 achou achar VMIS3S0   	NONE	1
10 creio crer VMIP1S0   	NONE	1
10 deixou deixar VMIS3S0   	NONE	1
10 fala falar VMIP3S0   	NONE	1
10_leu ler VMIS3S0   	NONE	1
10 morre morrer VMIP3S0   	NEGATIVE	0.994284933770955
10 ouvira ouvir VMIM3S0   	NONE	1
10 parece parecer VMIP3S0   	NONE	1
10 teria ter VMIC3S0   	NONE	1
11 deve dever VMIP3S0   	NONE	1
11 és ser VMIP2S0   	NONE	1
11 fiz fazer VMIS1S0   	NONE	1
11 foram ser VMIS3P0   	NONE	1
11 importa importar VMIP3S0   	NONE	1
11 matou matar VMIS3S0   	NEGATIVE	0.99994252414417
11 soube saber VMIS3S0   	NONE	1
12 chegou chegar VMIS3S0   	NONE	1
12 fui ser VMIS1S0   	NONE	1
12 redargüiu redargüir VMIS3S0   	NONE	1
12 vejo ver VMIP1S0   	NONE	1
12 voltou voltar VMIS3S0   	NONE	1
13 dera dar VMIM3S0   	NONE	1
13 Foi ser VMIS3S0   	NONE	1
13 recebeu receber VMIS3S0   	NONE	1
13 tens ter VMIP2S0   	NONE	1
14 continuou continuar VMIS3S0   	NONE	1
14 escreveu escrever VMIS3S0   	NONE	1
14 pediu pedir VMIS3S0   	NONE	1
14 vem vir VMIP3S0   	NONE	1
14 vinha vir VMII3S0   	NONE	1
14 vi ver VMIS1S0   	NONE	1
16 dá dar VMIP3S0   	NONE	1
16 será ser VMIF3S0   	NONE	1
17 devia dever VMII3S0   	NONE	1
17 mandou mandar VMIS3S0   	NONE	1
17 perguntou perguntar VMIS3S0   	NONE	1
18 teve ter VMIS3S0   	NONE	1
19 replicou replicar VMIS3S0   	NONE	1
20 dava dar VMII3S0   	NONE	1
20 sabia saber VMII3S0   	NONE	1
21 faz fazer VMIP3S0   	NONE	1
22 atalhou atalhar VMIS3S0   	NONE	1
22 ela elar VMIP3S0   	NONE	1
22 entrou entrar VMIS3S0   	NONE	1
22 É ser VMIP3S0   	NONE	1
22 queria querer VMII3S0   	POSITIVE	0.918231369319181
22 quero querer VMIP1S0   	POSITIVE	0.918231369319181
23 eram ser VMII3P0   	NONE	1
24 estou estar VMIP1S0   	NONE	1
24 seria seriar VMIP3S0   	NONE	1
25 ouviu ouvir VMIS3S0   	NONE	1
25 podia poder VMII3S0   	NONE	1
25 viu ver VMIS3S0   	NONE	1
26 hei haver VMIP2P0   	NONE	1
26 sou ser VMIP1S0   	NONE	1
27 fez fazer VMIS3S0   	NONE	1
27 tinham ter VMII3P0   	NONE	1
30 saiu sair VMIS3S0   	NONE	1
31 diz dizer VMIP3S0   	NONE	1
31 ia ir VMII3S0   	NONE	1
31 sabe saber VMIP3S0   	NONE	1
32 exclamou exclamar VMIS3S0   	NONE	1
32 posso poder VMIP1S0   	NONE	1
34 dizia dizer VMII3S0   	NONE	1
34 pode poder VMIP3S0   	NONE	1
34 são ser VMIP3P0   	NONE	1
34 vou ir VMIP1S0   	NONE	1
37 quer querer VMIP3S0   	POSITIVE	0.918231369319181
38 deu dar VMIS3S0   	NONE	1
39 tornou tornar VMIS3S0   	NONE	1
40 vai ir VMIP3S0   	NONE	1
50 tenho ter VMIP1S0   	NONE	1
53 respondeu responder VMIS3S0   	NONE	1
63 sei saber VMIP1S0   	NONE	1
76 estava estar VMII3S0   	NONE	1
76 — — VMI0000   	NONE	1
87 tem ter VMIP3S0   	NONE	1
89 tinha ter VMII3S0   	NONE	1
92 foi ser VMIS3S0   	NONE	1
103 está estar VMIP3S0   	NONE	1
105 há haver VMIP3S0   	NONE	1
114 era ser VMII3S0   	NONE	1
262 disse dizer VMIS3S0   	NONE	1
302 é ser VMIP3S0   	NONE	1
TOTAL	NEGATIVE	0.0196031851470628
